0,100,170.760101
0,100,173.040881
0,100,163.307503
0,100,170.171989
0,100,168.760985
0,100,174.149444
0,100,159.459243
0,100,174.367573
0,100,179.146953
0,100,165.622541
0,100,168.605256
0,100,182.578364
0,100,180.689527
0,100,173.217105
0,100,157.456721
0,100,171.404772
0,100,167.698282
0,100,169.096642
0,100,172.136317
0,100,171.109745
0,100,175.453476
0,100,171.353217
0,100,173.198617
0,100,170.865875
0,100,182.044534
0,100,166.978789
0,100,169.459875
0,100,171.230593
0,100,168.271214
0,100,157.607648
0,100,176.530551
0,100,171.904765
0,100,162.641750
0,100,184.744825
0,100,171.253123
0,100,168.209637
0,100,170.388241
0,100,169.901836
0,100,154.417995
0,100,174.567359
0,100,170.896998
0,100,166.482303
0,100,164.211573
0,100,166.923371
0,100,158.130248
0,100,167.784306
0,100,167.350660
0,100,156.785991
0,100,164.312514
0,100,162.256534
0,100,162.860919
0,100,169.632027
0,100,179.277941
0,100,161.616004
0,100,165.841473
0,100,170.435369
0,100,169.639676
0,100,172.144437
0,100,170.035269
0,100,172.311109
0,100,167.250367
0,100,158.445444
0,100,177.125726
0,100,178.985680
0,100,170.356329
0,100,186.442517
0,100,169.591681
0,100,166.702179
0,100,172.809671
0,100,163.891979
0,100,169.588553
0,100,167.545550
0,100,167.826463
0,100,174.165099
0,100,169.272096
0,100,158.864401
0,100,171.589103
0,100,172.898786
0,100,172.800524
0,100,175.938686
0,100,175.669775
0,100,181.529543
0,100,178.889775
0,100,173.505900
0,100,180.446078
0,100,169.247688
0,100,171.245841
0,100,172.416627
0,100,180.165634
0,100,170.731717
0,100,178.290669
0,100,170.542402
0,100,178.017411
0,100,172.499006
0,100,178.525770
0,100,176.276709
0,100,179.323253
0,100,179.492765
0,100,179.691228
0,100,169.783515
0,100,185.847335
0,100,168.995251
0,100,175.295311
0,100,170.971761
0,100,175.101377
0,100,184.966246
0,100,177.941238
0,100,179.063189
0,100,180.456245
0,100,179.613248
0,100,165.609308
0,100,181.470119
0,100,178.619970
0,100,193.600476
0,100,176.587049
0,100,177.291106
0,100,172.922565
0,100,183.533543
0,100,169.717182
0,100,174.082044
0,100,171.240238
0,100,155.506726
0,100,185.382804
0,100,174.274075
0,100,177.851278
0,100,172.396594
0,100,162.351602
0,100,175.041336
0,100,171.566451
0,100,174.769964
0,100,165.767809
0,100,179.298251
0,100,170.993745
0,100,159.275379
0,100,174.993830
0,100,180.756767
0,100,178.648007
0,100,185.684812
0,100,181.610913
0,100,163.838392
0,100,170.423886
0,100,157.969567
0,100,173.314125
0,100,174.698492
0,100,168.390049
0,100,183.159612
0,100,179.453512
0,100,165.787695
0,100,177.521065
0,100,180.002187
0,100,165.360580
0,100,176.540271
0,100,167.930692
0,100,174.278854
0,100,175.525076
0,100,167.777243
0,100,170.692028
0,100,169.755139
0,100,178.837378
0,100,165.587753
0,100,174.661621
0,100,167.350317
0,100,172.875057
0,100,172.064402
0,100,171.481288
0,100,177.108043
0,100,172.991945
0,100,180.633896
0,100,173.991285
0,100,172.872890
0,100,166.128230
0,100,175.918924
0,100,172.263227
0,100,173.108737
0,100,187.269905
0,100,178.446162
0,100,171.079462
0,100,172.118671
0,100,173.910087
0,100,169.427237
0,100,164.887983
0,100,170.114237
0,100,167.786432
0,100,168.464169
0,100,180.722111
0,100,178.748724
0,100,181.784151
0,100,182.969949
0,100,173.679413
0,100,179.239703
0,100,173.975291
0,100,177.030031
0,100,167.531307
0,100,183.836246
0,100,173.161544
0,100,170.978528
0,100,176.175452
0,100,173.303772
0,100,164.481133
0,100,181.408215
0,100,170.032033
0,100,171.861409
0,100,163.252405
0,100,178.570558
0,100,172.020122
0,100,174.821362
0,100,166.066001
0,100,172.267714
0,100,170.699663
0,100,174.260598
0,100,175.271464
0,100,171.604380
0,100,162.458439
0,100,165.771174
0,100,179.403664
0,100,167.528965
0,100,168.758531
0,100,175.677130
0,100,173.951370
0,100,164.121257
0,100,168.573054
0,100,170.558389
0,100,166.549800
0,100,172.796748
0,100,165.585056
0,100,177.850960
0,100,184.270612
0,100,177.315870
0,100,168.011365
0,100,175.900081
0,100,171.079971
0,100,173.494722
0,100,171.784230
0,100,176.638565
0,100,173.924182
0,100,160.993779
0,100,170.547055
0,100,165.924825
0,100,158.423091
0,100,158.958833
0,100,177.778052
0,100,166.168422
0,100,167.533675
0,100,169.517539
0,100,170.089002
0,100,169.632504
0,100,169.139341
0,100,164.117614
0,100,163.279712
0,100,179.356285
0,100,171.856816
0,100,169.590463
0,100,168.766398
0,100,162.537325
0,100,163.157391
0,100,169.147855
0,100,179.109409
0,100,173.620099
0,100,162.583713
0,100,161.300525
0,100,173.505911
0,100,179.769149
0,100,168.885044
0,100,179.342379
0,100,166.431875
0,100,168.027666
0,100,175.877922
0,100,178.055042
0,100,167.491120
0,100,176.318405
0,100,173.792004
0,100,165.448100
0,100,177.993512
0,100,168.308792
0,100,167.082949
0,100,163.544172
0,100,174.927834
0,100,174.906993
0,100,165.764024
0,100,172.604599
0,100,165.151199
0,100,177.558925
0,100,163.261430
0,100,163.192718
0,100,165.592531
0,100,169.430904
0,100,159.111053
0,100,172.576813
0,100,161.807705
0,100,175.419730
0,100,158.978337
0,100,174.682108
0,100,166.573681
0,100,167.250523
0,100,171.995053
0,100,150.085296
0,100,170.346019
0,100,158.889492
0,100,167.884070
0,100,164.342347
0,100,171.817469
0,100,147.022418
0,100,160.465940
0,100,171.043948
0,100,173.387297
0,100,166.209651
0,100,164.918685
0,100,169.085490
0,100,164.732799
0,100,156.267557
0,100,170.043966
0,100,164.469733
0,100,169.955838
0,100,166.547872
0,100,167.914408
0,100,167.662673
0,100,170.138636
0,100,182.672839
0,100,171.394600
0,100,168.429608
0,100,174.642050
0,100,163.821051
0,100,161.688765
0,100,181.795624
0,100,161.424937
0,100,167.392745
0,100,177.677667
0,100,171.985997
0,100,173.744926
0,100,173.217983
0,100,179.204874
0,100,170.221914
0,100,167.902080
0,100,173.625062
0,100,176.924629
0,100,182.177645
0,100,175.993468
0,100,185.982960
0,100,180.323801
0,100,179.505900
0,100,170.731426
0,100,162.666703
0,100,174.721180
0,100,169.652757
0,100,173.257122
0,100,167.668342
0,100,169.358887
0,100,159.355373
0,100,172.231538
0,100,179.959180
0,100,168.117870
0,100,169.841659
0,100,161.502495
0,100,165.057901
0,100,173.214381
0,100,164.178792
0,100,158.066634
0,100,160.391493
0,100,169.360985
0,100,171.040249
0,100,171.795401
0,100,169.394698
0,100,168.442299
0,100,173.645053
0,100,167.961150
0,100,172.014966
0,100,191.306212
0,100,176.783007
0,100,164.729108
0,100,166.122340
0,100,165.912821
0,100,164.262001
0,100,172.658096
0,100,168.668420
0,100,168.659870
0,100,164.368977
0,100,169.945296
0,100,165.284555
0,100,162.473006
0,100,170.885541
0,100,159.139905
0,100,177.132634
0,100,164.423526
0,100,183.457130
0,100,172.537450
0,100,171.448152
0,100,171.574486
0,100,187.232917
0,100,181.826584
0,100,171.649226
0,100,164.715128
0,100,167.720480
0,100,175.560361
0,100,161.788840
0,100,172.523944
0,100,168.553380
0,100,170.311695
0,100,167.107976
0,100,171.887827
0,100,159.982840
0,200,207.770772
0,200,220.405385
0,200,214.826424
0,200,208.450364
0,200,205.999728
0,200,218.603483
0,200,200.664045
0,200,212.931801
0,200,200.862955
0,200,228.596737
0,200,215.442951
0,200,218.570374
0,200,216.735995
0,200,210.543519
0,200,211.018581
0,200,219.312450
0,200,225.572287
0,200,215.009293
0,200,222.270777
0,200,219.505123
0,200,207.675930
0,200,217.469253
0,200,204.706129
0,200,202.075647
0,200,216.967041
0,200,203.595164
0,200,207.374374
0,200,217.415756
0,200,214.244834
0,200,202.692593
0,200,212.361142
0,200,218.267059
0,200,212.454842
0,200,206.045178
0,200,205.302897
0,200,217.141781
0,200,204.418844
0,200,208.991952
0,200,208.772506
0,200,205.969692
0,200,207.337144
0,200,197.529358
0,200,208.411821
0,200,199.394375
0,200,216.765657
0,200,212.161277
0,200,197.038849
0,200,200.565827
0,200,199.664827
0,200,195.980071
0,200,215.206853
0,200,207.036438
0,200,201.465829
0,200,211.410625
0,200,226.371861
0,200,200.420940
0,200,207.015947
0,200,214.743233
0,200,201.389150
0,200,219.868179
0,200,206.398115
0,200,206.377036
0,200,209.540210
0,200,210.519583
0,200,215.316094
0,200,200.162780
0,200,210.124989
0,200,200.680452
0,200,210.659672
0,200,193.579724
0,200,225.445887
0,200,206.619630
0,200,214.666075
0,200,207.436536
0,200,210.347024
0,200,215.142380
0,200,213.592592
0,200,212.737496
0,200,209.029425
0,200,223.553145
0,200,223.134053
0,200,209.940127
0,200,199.999101
0,200,203.894898
0,200,219.394812
0,200,208.204566
0,200,204.586135
0,200,212.238493
0,200,221.210253
0,200,206.527536
0,200,206.973756
0,200,218.394534
0,200,203.446419
0,200,214.508918
0,200,207.386887
0,200,209.856779
0,200,216.854824
0,200,212.618506
0,200,208.715706
0,200,208.123786
0,200,215.601836
0,200,215.881362
0,200,211.903948
0,200,204.473428
0,200,198.746310
0,200,210.526745
0,200,215.694506
0,200,218.378639
0,200,200.016751
0,200,205.468035
0,200,211.511217
0,200,213.206721
0,200,212.895221
0,200,197.919205
0,200,188.098481
0,200,216.310244
0,200,206.853726
0,200,211.360055
0,200,206.589751
0,200,195.758006
0,200,217.373422
0,200,191.804464
0,200,204.341517
0,200,206.776409
0,200,209.286088
0,200,193.625328
0,200,219.296506
0,200,193.393368
0,200,207.666746
0,200,195.000805
0,200,204.126122
0,200,203.547619
0,200,208.861337
0,200,203.672757
0,200,213.453448
0,200,208.766830
0,200,220.042124
0,200,203.159896
0,200,202.002725
0,200,202.693638
0,200,206.741150
0,200,204.308007
0,200,211.680015
0,200,201.630862
0,200,197.046921
0,200,224.777131
0,200,204.028143
0,200,203.647617
0,200,201.146532
0,200,197.830110
0,200,220.579687
0,200,203.772047
0,200,204.198706
0,200,201.450791
0,200,212.077770
0,200,210.262473
0,200,202.984055
0,200,208.072868
0,200,203.544898
0,200,217.831897
0,200,209.637623
0,200,217.057724
0,200,212.520318
0,200,213.363579
0,200,217.469953
0,200,209.948907
0,200,222.580911
0,200,215.922283
0,200,218.680488
0,200,218.282803
0,200,218.234465
0,200,220.326112
0,200,214.202549
0,200,209.703927
0,200,225.722569
0,200,224.089223
0,200,217.008557
0,200,218.264680
0,200,213.582270
0,200,203.544663
0,200,207.444812
0,200,211.992782
0,200,214.007200
0,200,217.794447
0,200,213.210152
0,200,214.518874
0,200,207.458416
0,200,220.912126
0,200,213.179032
0,200,209.572274
0,200,207.483367
0,200,205.833431
0,200,214.748511
0,200,221.884987
0,200,211.701441
0,200,217.694922
0,200,210.963883
0,200,213.451603
0,200,215.122463
0,200,203.989513
0,200,216.473451
0,200,216.861274
0,200,207.266960
0,200,208.873098
0,200,206.690710
0,200,209.797861
0,200,213.493328
0,200,205.432243
0,200,199.045275
0,200,211.512795
0,200,216.979736
0,200,208.437192
0,200,213.406922
0,200,218.663939
0,200,219.633472
0,200,209.239167
0,200,220.531592
0,200,211.238004
0,200,206.939084
0,200,221.530032
0,200,214.894172
0,200,211.872517
0,200,201.696716
0,200,201.694594
0,200,213.417867
0,200,193.759279
0,200,206.679942
0,200,211.099607
0,200,210.854463
0,200,213.294643
0,200,217.853731
0,200,214.785873
0,200,223.883499
0,200,208.226238
0,200,219.435434
0,200,217.395318
0,200,210.619816
0,200,212.818443
0,200,210.947737
0,200,227.564353
0,200,214.563203
0,200,226.945711
0,200,207.861593
0,200,211.343646
0,200,212.008972
0,200,226.158764
0,200,206.853252
0,200,214.415666
0,200,222.893559
0,200,211.800765
0,200,203.028265
0,200,227.453463
0,200,206.485241
0,200,215.929545
0,200,212.762739
0,200,208.026502
0,200,212.551840
0,200,218.307851
0,200,208.398509
0,200,209.907905
0,200,218.879181
0,200,217.373787
0,200,212.151527
0,200,218.558048
0,200,215.649007
0,200,214.150905
0,200,215.559617
0,200,210.266483
0,200,205.018032
0,200,209.221724
0,200,207.632506
0,200,209.459998
0,200,228.210582
0,200,212.974320
0,200,210.318858
0,200,213.555593
0,200,217.001055
0,200,190.422489
0,200,212.026955
0,200,212.487948
0,200,207.109984
0,200,212.861919
0,200,211.952780
0,200,216.290201
0,200,216.084388
0,200,208.101379
0,200,232.749278
0,200,222.687801
0,200,226.317108
0,200,224.044823
0,200,201.830922
0,200,213.579141
0,200,214.739275
0,200,207.727687
0,200,222.489244
0,200,213.435732
0,200,219.597753
0,200,209.773576
0,200,222.148155
0,200,220.224959
0,200,219.610736
0,200,201.131957
0,200,204.030086
0,200,215.874288
0,200,210.787023
0,200,216.836036
0,200,215.980303
0,200,232.157951
0,200,206.411412
0,200,214.365353
0,200,213.888716
0,200,218.184983
0,200,215.757622
0,200,210.532411
0,200,215.032791
0,200,217.537049
0,200,216.324129
0,200,214.301432
0,200,210.689845
0,200,216.278827
0,200,237.421818
0,200,229.558458
0,200,211.963074
0,200,205.169279
0,200,226.522576
0,200,204.507766
0,200,208.433821
0,200,223.603291
0,200,217.936818
0,200,218.140705
0,200,208.607650
0,200,222.257595
0,200,220.035400
0,200,231.217080
0,200,239.906499
0,200,207.195167
0,200,207.225563
0,200,215.167060
0,200,213.728889
0,200,226.183457
0,200,214.697547
0,200,222.935782
0,200,214.623452
0,200,214.773440
0,200,224.691536
0,200,214.792521
0,200,215.910460
0,200,209.198991
0,200,226.508831
0,200,225.228530
0,200,211.084090
0,200,216.945550
0,200,203.592771
0,200,220.415073
0,200,209.389556
0,200,217.420091
0,200,219.256168
0,200,221.375419
0,200,219.273379
0,200,211.008847
0,200,217.723537
0,200,219.024762
0,200,235.064752
0,200,222.179699
0,200,185.290755
0,200,224.553289
0,200,215.865977
0,200,210.717545
0,200,209.297940
0,200,209.724842
0,200,221.403696
0,200,220.869629
0,200,219.093061
0,200,225.452705
0,200,229.865023
0,200,229.290288
0,200,211.382180
0,200,206.995784
0,200,219.037418
0,200,200.602590
0,200,210.225323
0,200,209.729355
0,200,214.730750
0,200,211.977599
0,200,212.646688
0,200,217.504242
0,200,231.963003
0,200,213.042009
0,200,229.951585
0,200,228.633440
0,200,208.736393
0,200,208.714747
0,200,223.738040
0,200,222.997167
0,200,224.286396
0,200,221.558731
0,200,213.562525
0,200,230.031597
0,200,223.913786
0,200,224.644403
0,300,207.462738
0,300,212.996345
0,300,210.463930
0,300,204.535405
0,300,209.464186
0,300,213.491692
0,300,204.956465
0,300,204.649115
0,300,196.756637
0,300,205.743719
0,300,213.809369
0,300,213.507649
0,300,213.903997
0,300,208.917061
0,300,201.608498
0,300,199.440705
0,300,212.347801
0,300,212.936796
0,300,198.181727
0,300,206.005578
0,300,193.151556
0,300,201.846785
0,300,205.853181
0,300,196.362306
0,300,213.463604
0,300,213.299899
0,300,197.948390
0,300,196.569372
0,300,204.214858
0,300,209.658340
0,300,208.976069
0,300,224.710644
0,300,203.753646
0,300,199.641943
0,300,214.021140
0,300,214.113249
0,300,203.214648
0,300,215.796042
0,300,204.981476
0,300,205.294803
0,300,203.826636
0,300,216.856919
0,300,214.421913
0,300,209.416252
0,300,206.012197
0,300,204.987052
0,300,205.106191
0,300,214.380837
0,300,205.034655
0,300,201.445101
0,300,220.767143
0,300,204.360852
0,300,209.488082
0,300,199.182374
0,300,196.687673
0,300,201.610562
0,300,208.246538
0,300,201.932524
0,300,194.336995
0,300,206.468354
0,300,197.878391
0,300,197.478284
0,300,196.346772
0,300,198.551194
0,300,193.419400
0,300,212.896347
0,300,206.017753
0,300,208.067390
0,300,209.099091
0,300,203.166273
0,300,205.606356
0,300,202.778628
0,300,194.774407
0,300,212.333987
0,300,209.376820
0,300,207.717053
0,300,207.617363
0,300,211.306327
0,300,198.489398
0,300,216.617805
0,300,206.947036
0,300,206.402984
0,300,198.970438
0,300,208.788329
0,300,199.427599
0,300,198.679836
0,300,218.327640
0,300,208.462503
0,300,204.583841
0,300,212.231782
0,300,207.970589
0,300,206.763781
0,300,190.917081
0,300,202.879454
0,300,208.940349
0,300,195.898709
0,300,207.954060
0,300,211.307364
0,300,200.079315
0,300,198.386195
0,300,194.367197
0,300,215.704994
0,300,197.471146
0,300,210.158281
0,300,210.132492
0,300,204.175669
0,300,197.551746
0,300,196.979478
0,300,202.629016
0,300,194.438529
0,300,208.733525
0,300,204.303977
0,300,196.343100
0,300,185.689195
0,300,206.300944
0,300,204.335235
0,300,195.925924
0,300,203.232097
0,300,201.610505
0,300,202.399800
0,300,197.434798
0,300,199.332293
0,300,202.665444
0,300,194.368308
0,300,217.014584
0,300,186.985194
0,300,210.532323
0,300,180.582134
0,300,188.858455
0,300,198.529354
0,300,200.334588
0,300,198.569585
0,300,196.663561
0,300,194.181341
0,300,200.631139
0,300,193.733357
0,300,198.886908
0,300,198.341674
0,300,207.600943
0,300,198.521088
0,300,195.554267
0,300,202.931460
0,300,191.476334
0,300,196.893568
0,300,207.540303
0,300,192.402223
0,300,195.428506
0,300,189.762637
0,300,194.383836
0,300,215.858838
0,300,190.687847
0,300,198.414632
0,300,190.207906
0,300,196.264131
0,300,197.970437
0,300,199.119229
0,300,203.070249
0,300,193.659326
0,300,208.395889
0,300,197.609214
0,300,217.630820
0,300,228.333025
0,300,231.130188
0,300,210.703806
0,300,227.785703
0,300,205.197616
0,300,225.452788
0,300,220.835706
0,300,223.058954
0,300,213.363052
0,300,216.895718
0,300,223.308053
0,300,228.514954
0,300,229.369881
0,300,225.022401
0,300,208.632353
0,300,226.112475
0,300,224.369485
0,300,218.067788
0,300,216.856994
0,300,211.678915
0,300,227.020314
0,300,219.568321
0,300,223.979339
0,300,211.292020
0,300,223.644388
0,300,214.883295
0,300,230.892253
0,300,213.069084
0,300,215.869583
0,300,208.126564
0,300,227.137822
0,300,216.981489
0,300,216.668318
0,300,209.862801
0,300,206.729229
0,300,212.991729
0,300,222.504791
0,300,216.216171
0,300,210.425398
0,300,211.401131
0,300,208.369476
0,300,211.855745
0,300,206.815463
0,300,196.630309
0,300,212.325875
0,300,211.745226
0,300,199.709317
0,300,206.440205
0,300,194.860815
0,300,217.231637
0,300,209.185878
0,300,204.744214
0,300,206.844963
0,300,214.731531
0,300,213.972518
0,300,209.129530
0,300,219.245271
0,300,213.775636
0,300,219.638605
0,300,214.059729
0,300,190.473158
0,300,220.957275
0,300,213.292811
0,300,223.198108
0,300,207.225519
0,300,203.559210
0,300,214.471380
0,300,209.529984
0,300,218.901860
0,300,215.282663
0,300,209.340826
0,300,202.522491
0,300,215.309027
0,300,234.294887
0,300,211.506893
0,300,207.976550
0,300,217.052298
0,300,204.982270
0,300,215.087851
0,300,218.410347
0,300,220.791363
0,300,213.988706
0,300,219.392233
0,300,203.876838
0,300,224.113248
0,300,222.641253
0,300,211.924542
0,300,210.538690
0,300,207.883397
0,300,205.861956
0,300,194.224356
0,300,216.439158
0,300,209.499808
0,300,214.830301
0,300,207.199181
0,300,218.821131
0,300,216.998638
0,300,222.237250
0,300,206.250338
0,300,218.548686
0,300,220.732146
0,300,217.713808
0,300,217.218269
0,300,230.455879
0,300,210.904979
0,300,214.970088
0,300,193.596183
0,300,215.462191
0,300,210.274765
0,300,217.232052
0,300,208.657095
0,300,210.897374
0,300,209.453083
0,300,221.418941
0,300,225.375779
0,300,204.123450
0,300,206.410037
0,300,220.872756
0,300,206.511434
0,300,209.064791
0,300,219.971758
0,300,210.133754
0,300,202.747680
0,300,204.664209
0,300,212.266781
0,300,215.442572
0,300,207.463784
0,300,204.600425
0,300,218.585112
0,300,201.068435
0,300,215.199614
0,300,219.164162
0,300,214.720955
0,300,211.858722
0,300,211.121308
0,300,206.864870
0,300,208.055217
0,300,206.651130
0,300,213.942216
0,300,203.227700
0,300,213.559690
0,300,209.371286
0,300,201.514948
0,300,222.746866
0,300,211.584395
0,300,220.476183
0,300,208.568552
0,300,214.133767
0,300,208.908876
0,300,200.781642
0,300,189.535087
0,300,207.352537
0,300,216.659897
0,300,224.688782
0,300,216.232527
0,300,211.170420
0,300,209.654829
0,300,215.906101
0,300,223.843899
0,300,220.122794
0,300,212.155372
0,300,216.375914
0,300,211.948019
0,300,216.120575
0,300,232.679743
0,300,227.567929
0,300,211.316910
0,300,211.475156
0,300,216.182276
0,300,211.155490
0,300,211.344209
0,300,223.703898
0,300,220.618728
0,300,220.870289
0,300,202.203274
0,300,208.534866
0,300,208.227382
0,300,214.605870
0,300,208.390841
0,300,216.237154
0,300,206.806196
0,300,207.076344
0,300,212.740055
0,300,212.057561
0,300,198.872523
0,300,209.178763
0,300,233.439817
0,300,219.746335
0,300,217.077241
0,300,216.243052
0,300,206.758749
0,300,210.714142
0,300,206.804544
0,300,190.265761
0,300,217.611707
0,300,223.752979
0,300,208.537970
0,300,213.906872
0,300,219.644861
0,300,228.817317
0,300,201.104348
0,300,201.416996
0,300,202.684904
0,300,220.724858
0,300,217.433454
0,300,214.149116
0,300,208.088407
0,300,199.672253
0,300,219.051217
0,300,197.404321
0,300,219.916027
0,300,198.642390
0,300,204.905689
0,300,205.782716
0,300,218.325346
0,300,209.290168
0,300,214.629086
0,300,212.938632
0,300,215.535989
0,300,206.348439
0,300,210.055719
0,300,206.142993
0,300,215.604922
0,300,217.077886
0,300,190.511814
0,300,205.290979
0,300,211.321830
0,300,208.996285
0,300,207.459700
0,300,211.327345
0,300,215.086414
0,300,214.961721
0,300,212.321202
0,300,211.804227
0,300,217.323003
0,300,217.198574
0,300,213.375554
0,300,220.152748
0,300,207.575432
0,400,69.889157
0,400,73.603496
0,400,73.508446
0,400,73.652865
0,400,78.667019
0,400,75.046488
0,400,73.553653
0,400,77.799854
0,400,74.384971
0,400,72.231841
0,400,76.026613
0,400,76.308959
0,400,76.095342
0,400,76.419084
0,400,73.039189
0,400,68.445019
0,400,72.385942
0,400,72.165551
0,400,73.513374
0,400,73.804638
0,400,67.975894
0,400,75.626065
0,400,75.291956
0,400,74.474893
0,400,71.440644
0,400,74.647787
0,400,72.343516
0,400,79.508277
0,400,73.322162
0,400,77.907794
0,400,70.471548
0,400,74.605462
0,400,74.742638
0,400,70.434605
0,400,72.654668
0,400,74.351935
0,400,71.016092
0,400,70.637550
0,400,73.891378
0,400,72.929007
0,400,74.679790
0,400,73.735991
0,400,71.622352
0,400,78.653307
0,400,71.103338
0,400,75.211963
0,400,70.647973
0,400,73.099538
0,400,76.209976
0,400,73.407380
0,400,70.032486
0,400,71.306821
0,400,71.692941
0,400,75.960025
0,400,73.231731
0,400,71.414293
0,400,75.202029
0,400,76.669254
0,400,76.518914
0,400,73.161454
0,400,71.344323
0,400,73.504348
0,400,74.515500
0,400,69.776946
0,400,74.128085
0,400,73.152225
0,400,75.783368
0,400,77.407364
0,400,79.726422
0,400,71.435488
0,400,79.196950
0,400,73.416817
0,400,71.273265
0,400,76.869770
0,400,75.468125
0,400,73.686591
0,400,73.887845
0,400,75.244484
0,400,73.671262
0,400,73.817864
0,400,72.775209
0,400,67.267248
0,400,74.523090
0,400,75.735723
0,400,74.345795
0,400,71.172203
0,400,73.815845
0,400,73.324863
0,400,74.197984
0,400,69.637751
0,400,67.512131
0,400,69.457954
0,400,73.013693
0,400,71.221010
0,400,72.086692
0,400,67.598719
0,400,70.033335
0,400,68.782488
0,400,69.591133
0,400,70.682224
0,400,66.286636
0,400,67.243961
0,400,66.735572
0,400,68.593031
0,400,71.505506
0,400,75.038138
0,400,75.799267
0,400,71.791687
0,400,74.507946
0,400,73.162426
0,400,71.996616
0,400,77.094158
0,400,71.069475
0,400,68.907027
0,400,69.104296
0,400,70.256335
0,400,72.306643
0,400,64.744066
0,400,68.970322
0,400,71.120123
0,400,70.713664
0,400,66.448562
0,400,72.503107
0,400,69.698203
0,400,71.185687
0,400,68.589921
0,400,72.870807
0,400,71.363637
0,400,66.539352
0,400,70.096411
0,400,71.564496
0,400,74.451216
0,400,70.445460
0,400,67.194620
0,400,64.588744
0,400,66.880758
0,400,69.013486
0,400,69.189030
0,400,74.383575
0,400,68.973167
0,400,71.467869
0,400,73.809491
0,400,68.748158
0,400,68.220830
0,400,69.638943
0,400,71.775687
0,400,68.931822
0,400,71.029726
0,400,70.468861
0,400,73.138475
0,400,72.230853
0,400,71.411724
0,400,68.955298
0,400,70.835482
0,400,66.131033
0,400,74.620885
0,400,72.322211
0,400,70.946681
0,400,68.033681
0,400,72.930008
0,400,74.330850
0,400,82.332690
0,400,79.603308
0,400,77.518129
0,400,79.872105
0,400,78.069180
0,400,79.392125
0,400,77.935132
0,400,80.307226
0,400,73.341756
0,400,78.994105
0,400,72.612604
0,400,77.515623
0,400,71.546464
0,400,79.227537
0,400,81.384171
0,400,77.345344
0,400,76.450489
0,400,78.775752
0,400,70.482322
0,400,81.215585
0,400,73.457131
0,400,74.243722
0,400,76.439742
0,400,75.168211
0,400,81.605908
0,400,81.290800
0,400,80.622785
0,400,77.980861
0,400,79.491397
0,400,79.199281
0,400,77.838982
0,400,79.205008
0,400,73.345645
0,400,75.193519
0,400,76.392573
0,400,75.077673
0,400,80.275134
0,400,74.381885
0,400,74.780338
0,400,77.707251
0,400,79.556090
0,400,76.845398
0,400,77.982647
0,400,82.517022
0,400,80.820266
0,400,73.719754
0,400,78.332330
0,400,74.366476
0,400,72.847239
0,400,77.750033
0,400,77.121815
0,400,77.842523
0,400,80.993279
0,400,77.466229
0,400,76.449764
0,400,77.406070
0,400,74.170921
0,400,76.353137
0,400,74.027902
0,400,71.083211
0,400,75.399210
0,400,80.338546
0,400,78.199689
0,400,76.439549
0,400,76.119931
0,400,79.475754
0,400,72.408030
0,400,74.203969
0,400,73.283535
0,400,73.586714
0,400,81.551242
0,400,78.207003
0,400,77.693593
0,400,77.870447
0,400,76.452922
0,400,73.161135
0,400,78.721738
0,400,79.102480
0,400,79.298669
0,400,71.792940
0,400,66.493769
0,400,68.359092
0,400,65.504192
0,400,72.416886
0,400,68.645564
0,400,70.383671
0,400,74.885021
0,400,63.868291
0,400,67.539780
0,400,70.940109
0,400,74.755460
0,400,71.838830
0,400,74.625383
0,400,67.030557
0,400,69.641837
0,400,71.051620
0,400,75.841698
0,400,69.146118
0,400,71.583710
0,400,74.142427
0,400,71.294625
0,400,69.982816
0,400,72.113704
0,400,71.950304
0,400,66.937413
0,400,70.097931
0,400,69.613354
0,400,68.229296
0,400,70.073705
0,400,67.794536
0,400,75.230295
0,400,68.543313
0,400,65.699224
0,400,69.339209
0,400,67.472756
0,400,71.572726
0,400,71.070504
0,400,70.117927
0,400,66.623858
0,400,70.583119
0,400,69.306536
0,400,63.014766
0,400,70.493178
0,400,70.235203
0,400,69.158249
0,400,70.018978
0,400,68.284442
0,400,69.949066
0,400,67.535327
0,400,67.791811
0,400,72.104249
0,400,72.482950
0,400,64.684353
0,400,73.022400
0,400,70.447496
0,400,70.189222
0,400,73.176155
0,400,69.629209
0,400,65.593974
0,400,71.070658
0,400,67.475010
0,400,70.788592
0,400,70.889684
0,400,70.506222
0,400,68.753675
0,400,71.260797
0,400,67.174369
0,400,67.950203
0,400,71.517829
0,400,69.092807
0,400,71.078459
0,400,72.659005
0,400,64.931014
0,400,67.335112
0,400,68.584326
0,400,68.090054
0,400,65.745624
0,400,68.396649
0,400,65.186792
0,400,73.198880
0,400,74.172429
0,400,74.973990
0,400,74.229336
0,400,74.583095
0,400,76.878598
0,400,73.535026
0,400,72.515456
0,400,73.770162
0,400,71.663287
0,400,74.628553
0,400,72.409701
0,400,74.862370
0,400,71.977093
0,400,71.051475
0,400,74.363970
0,400,74.187284
0,400,75.992198
0,400,73.239864
0,400,72.823912
0,400,74.155748
0,400,74.030527
0,400,77.633821
0,400,73.869449
0,400,78.137913
0,400,74.646344
0,400,77.191494
0,400,72.436046
0,400,71.336659
0,400,73.359443
0,400,76.151412
0,400,70.153640
0,400,73.291276
0,400,74.138599
0,400,72.627143
0,400,69.406101
0,400,72.666409
0,400,75.961481
0,400,75.691253
0,400,71.186063
0,400,76.081773
0,400,74.748417
0,400,73.232449
0,400,71.581773
0,400,75.283418
0,400,69.064627
0,400,70.932405
0,400,73.300160
0,400,77.046236
0,400,76.095185
0,400,71.298059
0,400,72.441267
0,400,73.847691
0,400,69.088054
0,400,71.035061
0,400,71.718667
0,400,75.081372
0,400,70.673179
0,400,69.418807
0,400,72.776901
0,400,74.559417
0,400,71.051662
0,400,75.694016
0,400,78.340832
0,400,73.052954
0,400,75.913854
0,400,72.619731
0,400,73.016138
0,400,72.477846
0,400,73.376125
0,400,71.447537
0,400,71.511637
0,400,71.641796
0,400,76.816337
0,400,73.404059
0,400,66.963316
0,400,70.443402
0,400,73.177680
0,400,76.774163
0,400,69.261963
0,400,157.777814
0,400,173.231917
0,400,174.117036
0,400,167.391007
0,400,166.747410
0,400,175.357656
0,400,177.785463
0,400,170.941937
0,400,170.558547
0,400,170.057386
0,400,174.632495
0,400,167.470273
0,400,172.317801
0,400,170.349320
0,400,164.609120
0,400,163.938714
0,400,162.607302
0,400,173.220134
0,400,173.518841
0,400,171.924965
0,400,158.021463
0,400,159.696739
0,400,166.258949
0,400,169.943621
0,400,166.937812
0,400,177.795459
0,400,164.252520
0,400,167.017855
0,400,174.937848
0,400,160.936854
0,400,167.534704
0,400,170.352274
0,400,172.039237
0,400,159.287352
0,400,167.278911
0,400,160.799495
0,400,159.546931
0,400,168.720248
0,400,163.048786
0,400,162.922059
0,400,167.483295
0,400,161.475001
0,400,174.666057
0,400,168.735719
0,400,161.657877
0,400,168.117087
0,400,169.417383
0,400,166.443794
0,400,165.195658
0,400,158.771074
0,400,154.489405
0,400,163.875878
0,400,154.194121
0,400,162.547097
0,400,169.239852
0,400,167.198840
0,400,157.134948
0,400,150.806102
0,400,168.620257
0,400,160.261752
0,400,161.719990
0,400,165.438345
0,400,167.334981
0,400,171.204678
0,400,160.680953
0,400,155.763771
0,400,162.948734
0,400,167.775552
0,400,166.771699
0,400,165.659381
0,400,170.134367
0,400,176.488157
0,400,165.563193
0,400,164.757370
0,400,167.792594
0,400,164.022847
0,400,168.408246
0,400,159.133751
0,400,169.650353
0,400,164.643444
0,400,167.023640
0,400,177.050155
0,400,162.375115
0,400,166.642133
0,400,165.879743
0,400,168.517668
0,400,174.122666
0,400,168.498928
0,400,171.068765
0,400,164.324844
0,400,172.735572
0,400,180.876269
0,400,184.085022
0,400,171.236832
0,400,175.601486
0,400,175.535381
0,400,164.905841
0,400,162.350059
0,400,166.550027
0,400,164.945020
0,400,174.221710
0,400,168.726637
0,400,177.861292
0,400,170.901105
0,400,173.197283
0,400,168.627870
0,400,177.379053
0,400,166.953982
0,400,170.645782
0,400,167.067565
0,400,159.914294
0,400,165.833284
0,400,172.272621
0,400,169.143462
0,400,158.662796
0,400,160.795002
0,400,159.452517
0,400,165.547880
0,400,169.655407
0,400,159.921320
0,400,164.429261
0,400,167.836994
0,400,165.164758
0,400,160.980914
0,400,168.762082
0,400,172.913206
0,400,157.333234
0,400,175.971296
0,400,172.719243
0,400,168.905917
0,400,158.145063
0,400,166.891674
0,400,163.538314
0,400,160.316531
0,400,166.041428
0,400,173.186725
0,400,162.384133
0,400,166.813642
0,400,167.749665
0,400,168.026537
0,400,179.763686
0,400,167.164354
0,400,168.638658
0,400,172.338139
0,400,162.736892
0,400,166.682036
0,400,164.667317
0,400,165.832170
0,400,157.845561
0,400,163.893171
0,400,162.039323
0,400,175.825414
0,400,158.356549
0,400,167.044124
0,400,161.395883
0,400,166.719928
0,400,160.249843
0,400,166.948093
0,400,164.001615
0,400,172.970261
0,400,156.740798
0,400,155.985883
0,400,166.468129
0,400,142.459669
0,400,158.090505
0,400,166.432291
0,400,148.382417
0,400,159.188153
0,400,148.466375
0,400,163.253809
0,400,153.488621
0,400,155.777794
0,400,158.351116
0,400,158.892219
0,400,163.595007
0,400,151.555636
0,400,153.159191
0,400,159.101689
0,400,171.052547
0,400,147.449601
0,400,157.693721
0,400,141.878904
0,400,146.178344
0,400,158.301579
0,400,155.976717
0,400,165.712774
0,400,157.446344
0,400,159.494376
0,400,158.252849
0,400,148.179391
0,400,154.564680
0,400,159.268196
0,400,149.514471
0,400,160.111149
0,400,165.926877
0,400,158.349270
0,400,146.560597
0,400,152.784912
0,400,146.822066
0,400,154.188349
0,400,151.619949
0,400,151.969188
0,400,154.216259
0,400,153.219712
0,400,153.996231
0,400,155.840590
0,400,150.744173
0,400,150.089187
0,400,156.429455
0,400,155.168813
0,400,149.447421
0,400,163.321097
0,400,148.901121
0,400,151.439622
0,400,149.646965
0,400,156.370967
0,400,153.251459
0,400,151.668911
0,400,153.937653
0,400,159.339972
0,400,149.057572
0,400,147.410550
0,400,162.479801
0,400,157.644419
0,400,157.116993
0,400,156.936486
0,400,145.737850
0,400,148.140021
0,400,156.797243
0,400,166.912275
0,400,153.005625
0,400,153.670579
0,400,160.166661
0,400,154.575340
0,400,154.159941
0,400,148.261642
0,400,169.096199
0,400,155.461478
0,400,146.784774
0,400,160.063260
0,400,156.440567
0,400,150.722695
0,400,148.501776
0,400,159.750217
0,400,162.878298
0,400,158.547702
0,400,160.738928
0,400,165.494977
0,400,165.412899
0,400,168.220149
0,400,156.045663
0,400,158.815095
0,400,153.297004
0,400,166.171340
0,400,165.085752
0,400,157.579397
0,400,159.831760
0,400,166.555249
0,400,158.086681
0,400,164.850528
0,400,165.761145
0,400,159.253200
0,400,161.921928
0,400,162.499384
0,400,158.440690
0,400,168.858144
0,400,156.971708
0,400,156.250488
0,400,155.052454
0,400,158.476122
0,400,166.071554
0,400,152.415824
0,400,167.885836
0,400,166.990902
0,400,164.435937
0,400,166.345655
0,400,166.145513
0,400,165.977788
0,400,150.913529
0,400,163.486999
0,400,152.141466
0,400,155.331460
0,400,152.113439
0,400,160.538379
0,400,156.468090
0,400,155.389067
0,400,157.895808
0,400,170.527433
0,400,160.511112
0,400,157.199188
0,400,146.781979
0,400,164.439481
0,400,156.645051
0,400,158.665784
0,400,157.228725
0,400,157.006699
0,400,159.921534
0,400,156.572422
0,400,158.476214
0,400,152.723623
0,400,155.864276
0,400,158.696004
0,400,161.552202
0,400,156.198461
0,400,169.105760
0,400,159.377732
0,400,162.575600
0,400,160.712902
0,400,156.919095
0,400,162.844268
0,400,157.493752
0,400,152.517445
0,400,152.954296
0,400,162.381638
0,400,164.738292
0,400,164.354543
0,400,149.620487
0,400,151.426924
0,400,167.006781
0,400,150.614585
0,400,155.653250
0,400,160.088239
0,400,160.464474
0,400,155.857792
0,400,166.371975
0,400,167.630467
0,400,151.942959
0,400,158.228709
0,400,172.544584
0,400,163.609885
0,400,160.741110
0,400,152.714120
0,400,152.736327
0,400,158.537739
0,400,157.953053
0,400,164.194521
0,400,156.288904
0,400,159.713848
0,400,147.209856
0,400,164.742484
0,400,151.686807
0,400,162.158015
0,400,155.548854
0,400,174.071365
0,400,164.391274
0,400,154.122292
0,400,162.111301
0,400,158.390691
0,400,166.239487
0,400,158.997107
0,400,162.039876
0,400,175.457240
0,400,159.234962
0,400,158.783277
0,400,156.514602
0,400,159.240996
0,400,154.835651
0,400,162.428637
0,400,162.317570
0,400,152.166741
0,400,154.288447
0,400,157.885253
0,400,151.516725
0,400,163.169829
0,400,153.846713
0,400,162.561054
0,400,154.946387
0,400,157.082539
0,400,166.771503
0,400,165.679614
0,400,154.873438
0,400,159.722617
0,400,147.285989
0,400,158.595839
0,400,158.262797
0,400,152.280342
0,400,161.733706
0,400,163.947501
0,400,150.548476
0,400,155.280847
0,400,165.576229
0,400,153.655987
0,400,161.299036
0,400,158.308670
0,400,143.237637
0,400,159.816691
0,400,157.816306
0,400,163.749141
0,400,155.484278
0,400,169.946108
0,400,162.755058
0,400,156.107480
0,400,152.580644
0,400,157.182451
0,400,152.181838
0,400,161.720386
0,400,150.826723
0,400,158.597078
0,400,154.858518
0,400,157.313624
0,500,67.104717
0,500,67.677100
0,500,63.378106
0,500,66.464757
0,500,62.933888
0,500,65.550248
0,500,65.706900
0,500,62.909662
0,500,65.434466
0,500,65.106216
0,500,64.534152
0,500,63.501065
0,500,69.362416
0,500,67.296097
0,500,71.137819
0,500,65.959159
0,500,66.783765
0,500,62.541542
0,500,64.456219
0,500,67.257238
0,500,62.601910
0,500,68.236474
0,500,69.779255
0,500,61.690634
0,500,66.420786
0,500,64.019779
0,500,67.030986
0,500,63.617235
0,500,67.738182
0,500,63.234499
0,500,64.306057
0,500,58.946195
0,500,66.601006
0,500,63.777089
0,500,66.543263
0,500,61.704718
0,500,64.433951
0,500,66.077048
0,500,69.330035
0,500,63.519297
0,500,65.212126
0,500,65.692282
0,500,63.347412
0,500,63.531000
0,500,64.088011
0,500,66.018337
0,500,62.863679
0,500,63.619645
0,500,64.038137
0,500,61.080854
0,500,67.391089
0,500,62.136068
0,500,61.603184
0,500,64.543911
0,500,64.243843
0,500,58.994090
0,500,64.179786
0,500,61.908361
0,500,66.904638
0,500,63.161190
0,500,66.044796
0,500,62.713050
0,500,60.768408
0,500,65.366963
0,500,64.282181
0,500,66.449255
0,500,67.362137
0,500,63.559036
0,500,65.044629
0,500,68.153214
0,500,67.431148
0,500,65.605781
0,500,67.499559
0,500,66.934509
0,500,65.146443
0,500,65.599201
0,500,70.325125
0,500,66.922264
0,500,61.223021
0,500,62.832980
0,500,71.764839
0,500,67.173856
0,500,72.045385
0,500,68.589930
0,500,65.944576
0,500,67.665830
0,500,68.160238
0,500,66.609766
0,500,72.727956
0,500,66.136848
0,500,69.841495
0,500,65.671233
0,500,67.178332
0,500,68.599176
0,500,63.033165
0,500,67.697595
0,500,67.871139
0,500,66.599555
0,500,63.120275
0,500,65.074971
0,500,68.897093
0,500,66.332022
0,500,68.740393
0,500,63.796709
0,500,68.938521
0,500,69.709242
0,500,72.364888
0,500,66.462534
0,500,67.717024
0,500,67.967005
0,500,68.691958
0,500,67.441607
0,500,68.208333
0,500,65.490813
0,500,67.203200
0,500,66.011280
0,500,64.819631
0,500,66.536482
0,500,66.163645
0,500,64.658900
0,500,65.373684
0,500,68.225512
0,500,62.807251
0,500,65.350129
0,500,64.309003
0,500,66.785853
0,500,62.808663
0,500,71.474677
0,500,67.098267
0,500,68.062032
0,500,61.010961
0,500,64.307817
0,500,68.125554
0,500,63.750637
0,500,66.339402
0,500,63.573742
0,500,65.935439
0,500,65.944330
0,500,68.145606
0,500,65.201876
0,500,65.698863
0,500,65.479590
0,500,63.673233
0,500,65.137062
0,500,70.297092
0,500,66.561563
0,500,64.292836
0,500,62.349257
0,500,65.560753
0,500,63.735508
0,500,61.850706
0,500,64.481295
0,500,70.597849
0,500,67.040595
0,500,67.558711
0,500,66.070998
0,500,70.403159
0,500,64.871912
0,500,69.143350
0,500,68.458525
0,500,70.231816
0,500,70.929683
0,500,67.983088
0,500,68.890636
0,500,68.008438
0,500,65.137466
0,500,72.568189
0,500,64.294774
0,500,70.839133
0,500,64.455870
0,500,64.112105
0,500,70.243882
0,500,68.426862
0,500,71.487386
0,500,69.067455
0,500,68.152949
0,500,67.864189
0,500,66.189705
0,500,70.853115
0,500,71.830467
0,500,67.294673
0,500,71.033091
0,500,63.944665
0,500,66.239836
0,500,71.027588
0,500,69.791526
0,500,71.223325
0,500,74.216184
0,500,67.028466
0,500,67.322236
0,500,67.958370
0,500,61.722241
0,500,69.215669
0,500,65.825789
0,500,67.876156
0,500,70.468062
0,500,69.594199
0,500,68.805103
0,500,64.922504
0,500,65.322003
0,500,68.893849
0,500,64.441728
0,500,66.424430
0,500,70.981785
0,500,72.033709
0,500,65.884826
0,500,66.270244
0,500,68.604137
0,500,66.950849
0,500,69.956750
0,500,68.476639
0,500,68.000504
0,500,67.746129
0,500,69.381385
0,500,66.770531
0,500,65.110055
0,500,62.084465
0,500,67.543808
0,500,68.658663
0,500,67.542824
0,500,67.311261
0,500,68.114103
0,500,68.491721
0,500,69.324857
0,500,64.989988
0,500,68.611609
0,500,68.471962
0,500,67.650566
0,500,65.544249
0,500,69.272961
0,500,72.244747
0,500,68.033045
0,500,69.456305
0,500,68.267519
0,500,69.739211
0,500,70.914934
0,500,68.728991
0,500,64.980589
0,500,68.343143
0,500,65.679961
0,500,65.366716
0,500,66.376941
0,500,64.368692
0,500,66.301084
0,500,68.412516
0,500,63.957153
0,500,68.438097
0,500,67.308600
0,500,63.676902
0,500,67.185882
0,500,69.239472
0,500,66.814407
0,500,68.901668
0,500,66.822823
0,500,63.192301
0,500,66.850408
0,500,66.144735
0,500,67.929676
0,500,68.265881
0,500,68.287868
0,500,64.462839
0,500,60.604767
0,500,67.832312
0,500,63.065571
0,500,72.244170
0,500,67.566199
0,500,64.302574
0,500,65.339805
0,500,66.277795
0,500,67.966358
0,500,61.187771
0,500,68.506824
0,500,68.647466
0,500,63.368837
0,500,63.983536
0,500,66.104477
0,500,66.560897
0,500,66.576994
0,500,60.684491
0,500,68.976874
0,500,64.622688
0,500,68.600916
0,500,62.889512
0,500,67.173376
0,500,61.440757
0,500,64.913700
0,500,62.255002
0,500,62.263100
0,500,66.134352
0,500,61.748591
0,500,63.484339
0,500,66.186165
0,500,66.494730
0,500,62.832145
0,500,65.062458
0,500,66.321801
0,500,61.775266
0,500,63.183466
0,500,64.435012
0,500,68.623813
0,500,60.700189
0,500,68.897991
0,500,64.105941
0,500,63.605541
0,500,63.872497
0,500,63.714653
0,500,65.128431
0,500,63.674621
0,500,65.668861
0,500,65.754077
0,500,62.804415
0,500,63.640771
0,500,63.558821
0,500,62.151775
0,500,60.313443
0,500,60.830985
0,500,67.081504
0,500,66.538485
0,500,65.637330
0,500,63.259110
0,500,69.879295
0,500,67.268082
0,500,70.258707
0,500,68.351448
0,500,64.170943
0,500,73.564007
0,500,67.055909
0,500,69.158275
0,500,69.870856
0,500,62.986686
0,500,65.784354
0,500,69.592334
0,500,66.611766
0,500,66.810381
0,500,64.612314
0,500,66.584167
0,500,67.168275
0,500,69.254286
0,500,70.090126
0,500,69.277129
0,500,68.163399
0,500,66.920386
0,500,69.124210
0,500,66.068216
0,500,71.587331
0,500,66.701316
0,500,65.395314
0,500,70.668926
0,500,66.952488
0,500,67.126995
0,500,70.296333
0,500,67.390264
0,500,68.649227
0,500,67.850068
0,500,68.574694
0,500,71.389446
0,500,63.988914
0,500,69.445874
0,500,66.954024
0,500,68.905223
0,500,68.990814
0,500,68.754910
0,500,70.202334
0,500,67.764834
0,500,67.932726
0,500,68.284227
0,500,67.972475
0,500,69.159279
0,500,67.932176
0,500,72.106658
0,500,62.472083
0,500,66.461472
0,500,68.163700
0,500,69.066776
0,500,67.081084
0,500,69.507432
0,500,65.173920
0,500,71.481643
0,500,68.066285
0,500,64.793393
0,500,62.639397
0,500,69.558233
0,500,63.242614
0,500,63.054288
0,500,71.270380
0,500,66.361772
0,500,69.323310
0,500,68.121115
0,500,65.133863
0,500,62.574860
0,500,65.962154
0,500,64.171273
0,500,67.121227
0,500,66.572750
0,500,68.797074
0,500,66.916482
0,500,68.618685
0,500,68.533929
0,500,70.141751
0,500,65.327692
500,100,175.035930
500,100,166.673899
500,100,166.803171
500,100,167.964488
500,100,165.625967
500,100,165.028784
500,100,176.486916
500,100,163.004026
500,100,167.745974
500,100,167.499018
500,100,161.294160
500,100,155.113682
500,100,166.563161
500,100,176.670048
500,100,168.018910
500,100,161.210947
500,100,170.835916
500,100,168.042633
500,100,164.204633
500,100,156.004700
500,100,164.056133
500,100,166.306593
500,100,163.293822
500,100,173.750291
500,100,164.762402
500,100,169.053356
500,100,163.135213
500,100,168.962560
500,100,165.103959
500,100,169.926141
500,100,163.242541
500,100,163.180254
500,100,162.897352
500,100,167.252956
500,100,168.331907
500,100,176.348501
500,100,156.391244
500,100,161.240361
500,100,163.259345
500,100,173.624199
500,100,157.201975
500,100,165.241413
500,100,170.944495
500,100,158.897738
500,100,162.121579
500,100,161.215565
500,100,155.763593
500,100,164.202737
500,100,158.002587
500,100,169.441492
500,100,164.195685
500,100,157.544830
500,100,164.309133
500,100,166.379174
500,100,166.712458
500,100,164.365145
500,100,167.387870
500,100,161.413475
500,100,167.191119
500,100,163.118308
500,100,165.036316
500,100,163.600447
500,100,171.316063
500,100,166.200619
500,100,161.850275
500,100,164.192857
500,100,164.806286
500,100,163.009579
500,100,175.997188
500,100,164.583007
500,100,174.610679
500,100,173.727034
500,100,169.269779
500,100,168.015347
500,100,165.000161
500,100,178.352113
500,100,166.558859
500,100,168.704174
500,100,169.606591
500,100,163.020279
500,100,165.041857
500,100,161.852913
500,100,174.004049
500,100,169.249746
500,100,159.303146
500,100,173.162960
500,100,173.123848
500,100,170.626520
500,100,170.175885
500,100,165.165636
500,100,165.467463
500,100,179.510993
500,100,173.925301
500,100,176.835666
500,100,173.078284
500,100,165.192258
500,100,169.342574
500,100,168.335383
500,100,171.030688
500,100,175.233802
500,100,173.088236
500,100,165.503278
500,100,158.529425
500,100,183.523921
500,100,154.882647
500,100,155.253109
500,100,148.684628
500,100,160.353571
500,100,173.322457
500,100,166.796800
500,100,173.207098
500,100,161.762972
500,100,171.421132
500,100,153.928413
500,100,165.711894
500,100,182.408436
500,100,184.676746
500,100,169.272805
500,100,170.971485
500,100,158.938843
500,100,171.723285
500,100,160.759310
500,100,163.675893
500,100,158.560853
500,100,169.042156
500,100,162.718092
500,100,161.596317
500,100,161.365497
500,100,155.757196
500,100,158.100232
500,100,165.218137
500,100,163.414662
500,100,164.048627
500,100,177.324414
500,100,167.278035
500,100,167.019996
500,100,158.498569
500,100,162.753869
500,100,165.481550
500,100,168.324026
500,100,156.585061
500,100,179.651001
500,100,167.749996
500,100,165.926242
500,100,169.674356
500,100,168.233030
500,100,170.350835
500,100,169.072756
500,100,162.998250
500,100,171.092730
500,100,169.640675
500,100,169.957581
500,100,165.735468
500,100,165.697586
500,100,168.806036
500,100,166.772670
500,100,168.099087
500,100,158.359304
500,100,167.560178
500,100,174.735594
500,100,170.476918
500,100,168.372492
500,100,163.598607
500,100,166.334233
500,100,159.066683
500,100,178.892835
500,100,159.650579
500,100,167.385529
500,100,164.412870
500,100,163.614694
500,100,160.677338
500,100,163.564103
500,100,153.192098
500,100,166.781436
500,100,160.191176
500,100,163.498611
500,100,161.975047
500,100,157.881119
500,100,160.778778
500,100,157.638652
500,100,166.580271
500,100,162.371932
500,100,165.481971
500,100,168.658797
500,100,160.409879
500,100,163.265056
500,100,159.556224
500,100,163.647295
500,100,167.998050
500,100,155.928148
500,100,166.222137
500,100,158.158285
500,100,168.702963
500,100,166.333956
500,100,162.917194
500,100,150.930437
500,100,163.414263
500,100,161.451284
500,100,159.751042
500,100,150.914916
500,100,165.582572
500,100,161.031764
500,100,167.111984
500,100,155.919442
500,100,159.380372
500,100,157.376928
500,100,159.027080
500,100,159.380716
500,100,165.425557
500,100,163.177584
500,100,161.014712
500,100,175.418759
500,100,160.148166
500,100,153.844411
500,100,158.436076
500,100,157.193653
500,100,159.546600
500,100,164.563591
500,100,157.648949
500,100,151.466665
500,100,157.981041
500,100,160.609034
500,100,151.355682
500,100,169.539541
500,100,153.012921
500,100,159.327327
500,100,169.418082
500,100,166.789176
500,100,161.449004
500,100,171.078804
500,100,157.107633
500,100,158.411984
500,100,167.051382
500,100,157.294860
500,100,158.937828
500,100,164.835101
500,100,160.865904
500,100,168.125721
500,100,157.316891
500,100,166.156050
500,100,158.477400
500,100,168.419839
500,100,165.232041
500,100,157.347588
500,100,164.349549
500,100,167.027225
500,100,160.506553
500,100,164.131775
500,100,166.321719
500,100,161.522660
500,100,172.438955
500,100,159.417169
500,100,174.128877
500,100,164.645648
500,100,161.119504
500,100,162.458922
500,100,167.596986
500,100,170.635854
500,100,159.870107
500,100,166.309656
500,100,173.413046
500,100,165.922192
500,100,176.100555
500,100,167.290050
500,100,161.933090
500,100,156.447111
500,100,160.655787
500,100,164.423781
500,100,177.908256
500,100,161.459811
500,100,159.424465
500,100,170.391073
500,100,174.055372
500,100,169.442524
500,100,162.779900
500,100,159.601608
500,100,167.698074
500,100,161.502678
500,100,166.542236
500,100,158.976023
500,100,164.508602
500,100,160.600466
500,100,165.910594
500,100,165.013763
500,100,160.397057
500,100,165.722876
500,100,167.387779
500,100,168.500547
500,100,161.975136
500,100,161.511781
500,100,159.951448
500,100,158.021239
500,100,165.769608
500,100,163.698876
500,100,162.457193
500,100,161.089050
500,100,161.250483
500,100,165.267579
500,100,163.521512
500,100,167.555894
500,100,166.373654
500,100,160.379963
500,100,164.419644
500,100,161.160654
500,100,155.038244
500,100,166.342611
500,100,158.642639
500,100,158.399061
500,100,163.198901
500,100,161.440997
500,100,168.206013
500,100,160.830478
500,100,170.331991
500,100,165.210678
500,100,166.751478
500,100,161.958055
500,100,167.893134
500,100,158.696434
500,100,164.082509
500,100,163.392792
500,100,174.655532
500,100,154.645514
500,100,152.777718
500,100,168.380145
500,100,157.956608
500,100,169.956199
500,100,162.147009
500,100,161.066027
500,100,163.402841
500,100,166.053126
500,100,159.442588
500,100,158.071912
500,100,161.985735
500,100,162.619697
500,100,162.006405
500,100,173.940405
500,100,161.461833
500,100,160.562462
500,100,161.919860
500,100,170.866038
500,100,163.812305
500,100,164.768095
500,100,175.260229
500,100,161.695722
500,100,163.338705
500,100,162.311806
500,100,159.126153
500,100,168.760007
500,100,151.213169
500,100,170.001737
500,100,149.384579
500,100,165.407031
500,100,176.523754
500,100,154.884776
500,100,161.258689
500,100,164.262296
500,100,169.838970
500,100,158.722401
500,100,158.589617
500,100,158.170272
500,100,167.897921
500,100,168.468839
500,100,165.456997
500,100,160.999884
500,100,151.108263
500,100,144.770534
500,100,152.084537
500,100,162.523245
500,100,158.722522
500,100,146.984617
500,100,160.093583
500,100,156.021990
500,100,161.230313
500,100,155.910709
500,100,156.903271
500,100,161.766350
500,100,166.241408
500,100,158.082969
500,100,159.217463
500,100,165.084145
500,100,158.800384
500,100,153.693752
500,100,161.645561
500,100,157.899507
500,100,159.116147
500,100,156.233086
500,100,163.435412
500,100,172.233720
500,100,154.269367
500,100,165.067594
500,100,162.442541
500,100,162.163649
500,100,168.274087
500,100,164.377014
500,100,164.716592
500,100,165.661859
500,100,162.651286
500,100,154.641865
500,100,164.906331
500,100,159.018057
500,200,80.713135
500,200,77.707718
500,200,86.828462
500,200,78.027084
500,200,82.118392
500,200,79.404656
500,200,83.041093
500,200,84.146215
500,200,84.476258
500,200,79.611429
500,200,83.339332
500,200,82.033074
500,200,85.019269
500,200,84.235888
500,200,82.894263
500,200,79.939745
500,200,80.066897
500,200,84.472184
500,200,80.784702
500,200,83.055952
500,200,81.847010
500,200,83.926961
500,200,82.848338
500,200,84.731671
500,200,85.996427
500,200,75.864311
500,200,78.150773
500,200,70.587440
500,200,79.445898
500,200,75.142769
500,200,82.115883
500,200,82.654475
500,200,75.134720
500,200,76.003503
500,200,81.216181
500,200,81.046811
500,200,83.545419
500,200,80.085861
500,200,80.741257
500,200,79.859361
500,200,79.217050
500,200,81.745259
500,200,85.871320
500,200,76.760853
500,200,81.734064
500,200,82.015001
500,200,79.644011
500,200,79.347020
500,200,73.701615
500,200,83.646974
500,200,79.671916
500,200,80.229231
500,200,78.921487
500,200,76.702625
500,200,81.949356
500,200,82.894872
500,200,78.485967
500,200,82.726735
500,200,80.956153
500,200,77.969620
500,200,75.760435
500,200,82.456631
500,200,82.396518
500,200,83.074389
500,200,87.527795
500,200,79.654021
500,200,74.923744
500,200,80.601440
500,200,77.776700
500,200,83.548838
500,200,79.906071
500,200,81.554226
500,200,77.608836
500,200,81.026716
500,200,77.368518
500,200,85.011674
500,200,77.861885
500,200,77.188398
500,200,82.939877
500,200,80.814785
500,200,83.392337
500,200,80.250963
500,200,88.689144
500,200,85.910871
500,200,88.338887
500,200,84.792808
500,200,87.476085
500,200,83.341309
500,200,86.440413
500,200,87.932662
500,200,88.355383
500,200,84.634106
500,200,86.015176
500,200,89.771727
500,200,88.696226
500,200,82.080965
500,200,86.000494
500,200,83.082940
500,200,83.030125
500,200,81.811694
500,200,83.954030
500,200,85.418856
500,200,87.367693
500,200,82.840999
500,200,83.426319
500,200,81.634057
500,200,86.897425
500,200,88.055024
500,200,82.433552
500,200,76.215050
500,200,83.576428
500,200,85.822389
500,200,81.676982
500,200,84.693036
500,200,89.804904
500,200,80.786945
500,200,83.211627
500,200,81.794728
500,200,85.635887
500,200,82.493169
500,200,85.459928
500,200,85.729602
500,200,80.597101
500,200,83.981569
500,200,80.636260
500,200,82.048734
500,200,83.513541
500,200,86.642943
500,200,79.057593
500,200,90.517343
500,200,79.506901
500,200,84.452456
500,200,78.782672
500,200,82.436953
500,200,80.149233
500,200,87.587483
500,200,78.849681
500,200,76.927695
500,200,83.718698
500,200,81.869705
500,200,80.752538
500,200,81.754218
500,200,85.657568
500,200,78.654429
500,200,82.233249
500,200,85.780619
500,200,82.003379
500,200,83.289055
500,200,86.547407
500,200,81.640398
500,200,82.127998
500,200,87.402425
500,200,80.801476
500,200,85.783455
500,200,82.745733
500,200,82.269167
500,200,85.032549
500,200,81.220026
500,200,84.107900
500,200,83.034779
500,200,80.629155
500,200,79.149326
500,200,84.476083
500,200,82.687565
500,200,80.743227
500,200,82.268391
500,200,78.131046
500,200,81.821951
500,200,83.283477
500,200,87.091470
500,200,86.258409
500,200,82.102972
500,200,83.654688
500,200,87.069565
500,200,80.772435
500,200,87.227367
500,200,86.121479
500,200,85.458308
500,200,85.651300
500,200,82.741598
500,200,83.277188
500,200,81.334483
500,200,88.112727
500,200,82.785968
500,200,80.692597
500,200,85.024430
500,200,75.813214
500,200,82.514455
500,200,82.572398
500,200,82.047854
500,200,81.302383
500,200,80.285469
500,200,77.575926
500,200,86.462514
500,200,81.314299
500,200,86.380576
500,200,80.182605
500,200,81.126539
500,200,85.380423
500,200,84.946549
500,200,83.554057
500,200,79.788269
500,200,84.204039
500,200,82.211291
500,200,84.027611
500,200,83.358268
500,200,85.569925
500,200,78.545903
500,200,87.505325
500,200,84.130709
500,200,86.639377
500,200,78.813407
500,200,81.675843
500,200,82.154411
500,200,81.906595
500,200,79.190036
500,200,80.256235
500,200,83.068599
500,200,75.821046
500,200,78.119958
500,200,85.267231
500,200,83.258861
500,200,80.412824
500,200,84.696955
500,200,82.509515
500,200,79.645521
500,200,83.651510
500,200,84.362365
500,200,87.219328
500,200,83.233107
500,200,86.722923
500,200,81.986280
500,200,81.627934
500,200,84.356683
500,200,81.069049
500,200,78.478539
500,200,81.554344
500,200,84.495705
500,200,82.846315
500,200,79.852788
500,200,78.558838
500,200,81.339053
500,200,82.092123
500,200,82.255194
500,200,85.505526
500,200,82.449458
500,200,90.799522
500,200,80.746310
500,200,82.648132
500,200,84.420845
500,200,81.170550
500,200,85.349938
500,200,80.996214
500,200,80.395952
500,200,81.050139
500,200,79.650621
500,200,75.504293
500,200,79.131082
500,200,81.217109
500,200,83.772328
500,200,81.081383
500,200,84.389572
500,200,85.220316
500,200,83.323742
500,200,81.407571
500,200,83.213657
500,200,82.506264
500,200,79.871368
500,200,80.283449
500,200,78.970485
500,200,77.840273
500,200,83.657267
500,200,78.097069
500,200,85.088837
500,200,81.416951
500,200,81.753603
500,200,81.491299
500,200,82.382229
500,200,77.177784
500,200,82.220165
500,200,83.077282
500,200,83.308546
500,200,81.782021
500,200,81.858881
500,200,86.965092
500,200,86.590405
500,200,81.599856
500,200,81.996566
500,200,77.642455
500,200,82.419880
500,200,81.722394
500,200,79.745870
500,200,80.868965
500,200,82.643799
500,200,77.926360
500,200,82.919646
500,200,78.166270
500,200,78.255928
500,200,78.623946
500,200,83.709833
500,200,82.975979
500,200,83.734807
500,200,82.865309
500,200,80.318288
500,200,85.846165
500,200,79.842140
500,200,85.567818
500,200,84.453367
500,200,81.074843
500,200,79.685340
500,200,78.256675
500,200,81.709440
500,200,81.477046
500,200,83.151457
500,200,88.254614
500,200,82.363415
500,200,78.541377
500,200,83.557468
500,200,79.817457
500,200,82.120354
500,200,83.771336
500,200,81.640483
500,200,82.428731
500,200,79.643168
500,200,80.519035
500,200,81.195670
500,200,84.441794
500,200,80.310337
500,200,88.243956
500,200,82.209242
500,200,86.928430
500,200,82.877926
500,200,76.540293
500,200,81.736850
500,200,81.269258
500,200,83.618661
500,200,85.190853
500,200,85.889256
500,200,84.928112
500,200,85.362137
500,200,82.102774
500,200,81.581650
500,200,82.795172
500,200,81.470778
500,200,82.309664
500,200,79.808215
500,200,83.451952
500,200,86.051978
500,200,84.929108
500,200,80.931061
500,200,80.489556
500,200,79.784627
500,200,80.680332
500,200,76.028798
500,200,84.165312
500,200,78.511683
500,200,81.632958
500,200,81.644749
500,200,80.597677
500,200,78.768178
500,200,82.147397
500,200,72.561382
500,200,81.229039
500,200,78.500858
500,200,80.938810
500,200,75.784175
500,200,84.302729
500,200,80.625987
500,200,79.230030
500,200,80.374818
500,200,79.174455
500,200,83.781663
500,200,79.634060
500,200,78.644019
500,200,79.078617
500,200,82.241608
500,200,79.568834
500,200,81.471232
500,200,81.261938
500,200,74.503047
500,200,77.769592
500,200,82.318509
500,200,84.021129
500,200,86.219441
500,200,79.297883
500,200,76.688326
500,200,85.987529
500,200,80.482407
500,200,83.129251
500,200,79.305343
500,200,81.244088
500,200,79.735096
500,200,82.390663
500,200,78.226808
500,200,81.628148
500,200,80.541916
500,200,82.956378
500,200,82.177061
500,200,76.507794
500,200,74.949924
500,300,148.017192
500,300,141.848695
500,300,144.280272
500,300,148.147402
500,300,141.589431
500,300,141.544051
500,300,148.310517
500,300,146.436685
500,300,145.784857
500,300,149.124659
500,300,138.401267
500,300,142.861201
500,300,143.173700
500,300,141.446378
500,300,136.481804
500,300,139.343367
500,300,143.999223
500,300,146.323614
500,300,132.764973
500,300,138.891101
500,300,140.519168
500,300,145.146527
500,300,145.479586
500,300,130.308504
500,300,149.219458
500,300,142.367867
500,300,141.373962
500,300,147.202213
500,300,144.948893
500,300,138.273906
500,300,149.542078
500,300,142.083462
500,300,143.691119
500,300,140.288034
500,300,151.651474
500,300,144.064972
500,300,137.141571
500,300,144.131392
500,300,144.512696
500,300,144.026787
500,300,140.216843
500,300,134.225699
500,300,141.326751
500,300,145.072295
500,300,147.001454
500,300,131.402469
500,300,138.639518
500,300,153.731358
500,300,143.787117
500,300,142.740978
500,300,139.018630
500,300,139.909329
500,300,138.826576
500,300,141.156073
500,300,138.393334
500,300,129.790480
500,300,145.198046
500,300,132.589085
500,300,145.704767
500,300,144.769524
500,300,143.886987
500,300,133.126295
500,300,142.618741
500,300,137.280105
500,300,149.539974
500,300,140.370004
500,300,140.203335
500,300,144.869112
500,300,131.475570
500,300,146.843007
500,300,136.656548
500,300,136.409859
500,300,148.712930
500,300,133.658662
500,300,144.737202
500,300,146.473064
500,300,140.849022
500,300,135.166525
500,300,137.781095
500,300,146.378134
500,300,126.395945
500,300,136.912393
500,300,141.936204
500,300,134.037749
500,300,129.556235
500,300,133.039488
500,300,132.332674
500,300,143.552287
500,300,141.974258
500,300,132.106784
500,300,138.300041
500,300,140.981610
500,300,134.458410
500,300,139.904945
500,300,144.608650
500,300,139.317954
500,300,130.255485
500,300,135.809833
500,300,122.401329
500,300,130.073139
500,300,140.485537
500,300,140.983246
500,300,149.720693
500,300,140.199663
500,300,139.335946
500,300,146.440852
500,300,144.887943
500,300,142.318241
500,300,130.843725
500,300,134.775611
500,300,128.682741
500,300,130.671548
500,300,134.166759
500,300,138.297498
500,300,139.596443
500,300,141.593712
500,300,140.196024
500,300,136.963288
500,300,138.105106
500,300,136.994770
500,300,141.426139
500,300,132.896134
500,300,132.550148
500,300,137.984194
500,300,142.793377
500,300,140.703781
500,300,138.933763
500,300,132.407611
500,300,136.047272
500,300,134.657325
500,300,137.530437
500,300,141.346744
500,300,134.234928
500,300,132.558367
500,300,142.231663
500,300,129.662560
500,300,136.737881
500,300,133.184406
500,300,137.315994
500,300,141.661738
500,300,131.941728
500,300,133.697056
500,300,127.714301
500,300,130.008805
500,300,139.406272
500,300,142.894994
500,300,132.622285
500,300,138.149929
500,300,127.949606
500,300,138.029494
500,300,142.816274
500,300,128.550333
500,300,139.716207
500,300,136.690182
500,300,142.073016
500,300,138.297813
500,300,132.705390
500,300,138.295437
500,300,137.164984
500,300,136.414775
500,300,139.529070
500,300,144.234075
500,300,140.081522
500,300,134.324627
500,300,144.886134
500,300,132.528335
500,300,139.237641
500,300,148.724812
500,300,140.680783
500,300,145.040940
500,300,134.716809
500,300,136.866996
500,300,141.228440
500,300,132.225727
500,300,138.732951
500,300,132.251412
500,300,143.338682
500,300,138.328339
500,300,144.574509
500,300,134.143832
500,300,140.831785
500,300,135.226692
500,300,144.302194
500,300,148.145226
500,300,144.084903
500,300,141.067095
500,300,137.518978
500,300,139.417785
500,300,138.230052
500,300,144.526534
500,300,148.095044
500,300,136.385046
500,300,140.151637
500,300,136.327017
500,300,141.674595
500,300,143.451054
500,300,141.636515
500,300,132.552001
500,300,137.004318
500,300,134.907475
500,300,130.649435
500,300,137.253756
500,300,140.774263
500,300,134.860740
500,300,144.207910
500,300,134.124935
500,300,137.568979
500,300,137.567849
500,300,132.858142
500,300,148.107772
500,300,135.823632
500,300,137.667370
500,300,135.575623
500,300,143.596306
500,300,136.948524
500,300,131.944707
500,300,141.771202
500,300,135.286793
500,300,129.838922
500,300,130.585489
500,300,135.770233
500,300,134.846703
500,300,145.389892
500,300,138.471402
500,300,133.223002
500,300,136.363901
500,300,136.302101
500,300,135.452680
500,300,139.074206
500,300,136.442013
500,300,135.309806
500,300,134.283440
500,300,138.147660
500,300,149.215394
500,300,142.642427
500,300,138.841861
500,300,144.733821
500,300,136.752681
500,300,138.731743
500,300,141.347448
500,300,139.551796
500,300,138.337232
500,300,133.602558
500,300,139.336160
500,300,142.561280
500,300,142.458316
500,300,148.158445
500,300,153.358545
500,300,152.473472
500,300,145.098321
500,300,141.000372
500,300,138.087148
500,300,138.692418
500,300,134.915618
500,300,151.408942
500,300,148.157508
500,300,145.211645
500,300,146.803178
500,300,141.365856
500,300,137.161511
500,300,144.225890
500,300,150.114179
500,300,143.233246
500,300,144.779913
500,300,146.316025
500,300,149.458806
500,300,152.369281
500,300,144.891274
500,300,142.952529
500,300,145.567522
500,300,134.953896
500,300,144.084110
500,300,141.040048
500,300,147.126756
500,300,146.181242
500,300,150.538979
500,300,134.651863
500,300,153.294442
500,300,148.124048
500,300,143.764913
500,300,143.978943
500,300,142.565917
500,300,139.422936
500,300,144.796859
500,300,149.239483
500,300,136.002245
500,300,143.017797
500,300,135.881440
500,300,142.968244
500,300,145.434744
500,300,137.740610
500,300,137.141159
500,300,148.115336
500,300,135.234542
500,300,139.000695
500,300,129.997823
500,300,142.448247
500,300,152.322173
500,300,136.997502
500,300,141.856422
500,300,143.572081
500,300,140.337041
500,300,139.661520
500,300,151.658493
500,300,144.693407
500,300,131.885538
500,300,143.791505
500,300,145.660159
500,300,139.460489
500,300,141.394376
500,300,146.477312
500,300,144.131466
500,300,147.437563
500,300,137.199124
500,300,138.251059
500,300,143.858679
500,300,147.337125
500,300,147.867397
500,300,150.098893
500,300,148.223367
500,300,140.736661
500,300,138.361108
500,300,147.848860
500,300,138.461357
500,300,141.829733
500,300,144.324455
500,300,144.173325
500,300,147.714055
500,300,142.122058
500,300,137.404708
500,300,144.611487
500,300,138.549888
500,300,143.963946
500,300,142.218844
500,300,145.403296
500,300,143.075498
500,300,150.022778
500,300,140.645259
500,300,136.851480
500,300,143.022155
500,300,139.511416
500,300,145.793675
500,300,138.184418
500,300,142.983183
500,300,144.965779
500,300,137.617426
500,300,147.404685
500,300,140.888320
500,300,143.540465
500,300,131.586383
500,300,137.950467
500,300,139.404466
500,300,139.357863
500,300,136.947051
500,300,141.202169
500,300,148.474522
500,300,136.065448
500,300,136.040667
500,300,139.273798
500,300,149.101703
500,300,141.462183
500,300,145.917515
500,300,144.670341
500,300,132.617306
500,300,144.198303
500,300,140.705537
500,300,134.334358
500,300,140.469931
500,300,144.534593
500,300,138.232442
500,300,137.386088
500,300,141.832194
500,300,131.705490
500,300,137.488665
500,300,143.454405
500,300,146.570035
500,300,141.909588
500,300,134.186114
500,300,150.026497
500,300,137.590696
500,300,131.119666
500,300,142.433267
500,300,136.428042
500,300,141.714089
500,300,133.194896
500,300,142.028243
500,300,138.351768
500,300,142.538878
500,300,137.150337
500,300,147.005975
500,300,140.877064
500,300,132.863386
500,300,133.890628
500,300,138.927530
500,300,139.456758
500,300,137.944289
500,300,137.971623
500,300,142.388008
500,300,144.790510
500,300,137.363910
500,400,75.940507
500,400,72.925089
500,400,75.521460
500,400,72.486188
500,400,74.761583
500,400,76.090517
500,400,73.083967
500,400,73.383994
500,400,72.233609
500,400,77.130211
500,400,73.997985
500,400,75.764179
500,400,72.817313
500,400,75.800652
500,400,78.442179
500,400,70.746604
500,400,72.579325
500,400,76.774109
500,400,71.905247
500,400,71.537147
500,400,68.084136
500,400,75.695500
500,400,76.013497
500,400,76.803859
500,400,76.124966
500,400,79.520403
500,400,74.072805
500,400,72.800159
500,400,73.578497
500,400,71.013828
500,400,74.813493
500,400,73.775077
500,400,73.798654
500,400,72.669712
500,400,76.263641
500,400,72.816707
500,400,66.971251
500,400,70.166223
500,400,73.276469
500,400,73.434085
500,400,72.329845
500,400,75.118364
500,400,75.231289
500,400,67.645307
500,400,73.854174
500,400,68.716506
500,400,77.729512
500,400,70.740079
500,400,71.122780
500,400,76.505480
500,400,71.780906
500,400,73.533914
500,400,73.111088
500,400,70.386160
500,400,75.231013
500,400,76.132806
500,400,67.716222
500,400,70.092267
500,400,76.806321
500,400,72.903283
500,400,72.293860
500,400,71.721415
500,400,72.001202
500,400,70.763685
500,400,74.276032
500,400,76.664023
500,400,73.216314
500,400,73.764819
500,400,72.954006
500,400,72.900613
500,400,71.882412
500,400,74.125089
500,400,73.398408
500,400,76.906418
500,400,74.427536
500,400,74.450366
500,400,75.123075
500,400,73.338420
500,400,73.213901
500,400,76.630245
500,400,77.608903
500,400,78.775095
500,400,76.051740
500,400,73.641030
500,400,73.992736
500,400,76.856232
500,400,77.741432
500,400,82.727752
500,400,77.832014
500,400,71.632854
500,400,75.026612
500,400,72.994967
500,400,76.202117
500,400,80.625008
500,400,76.178150
500,400,76.927447
500,400,76.687643
500,400,79.303982
500,400,78.685711
500,400,83.088058
500,400,76.516692
500,400,80.042799
500,400,74.385970
500,400,75.833508
500,400,78.924516
500,400,80.487698
500,400,77.685331
500,400,79.609367
500,400,74.086629
500,400,79.091182
500,400,78.178239
500,400,75.068784
500,400,73.839065
500,400,76.021738
500,400,75.141850
500,400,75.282751
500,400,72.531312
500,400,78.157706
500,400,76.125605
500,400,77.637472
500,400,73.927923
500,400,72.456914
500,400,77.295170
500,400,70.707571
500,400,75.311329
500,400,77.758594
500,400,74.691197
500,400,76.564853
500,400,70.562488
500,400,73.907513
500,400,74.798743
500,400,78.416439
500,400,76.149733
500,400,80.025394
500,400,75.411294
500,400,76.945355
500,400,75.461673
500,400,77.624688
500,400,74.579712
500,400,74.948487
500,400,76.220695
500,400,76.073838
500,400,75.336602
500,400,76.121244
500,400,76.293777
500,400,76.174300
500,400,79.131731
500,400,76.720261
500,400,78.005607
500,400,76.283417
500,400,78.252381
500,400,79.097762
500,400,74.953767
500,400,73.852926
500,400,76.883831
500,400,72.648127
500,400,77.494051
500,400,73.610831
500,400,73.799216
500,400,77.912296
500,400,79.904068
500,400,78.176727
500,400,73.949039
500,400,78.986198
500,400,79.439636
500,400,81.204819
500,400,81.225246
500,400,79.947766
500,400,82.059474
500,400,78.086921
500,400,81.881261
500,400,75.726563
500,400,83.490425
500,400,81.434656
500,400,81.937434
500,400,77.462942
500,400,76.907620
500,400,80.051864
500,400,71.213241
500,400,76.902784
500,400,82.341019
500,400,76.234226
500,400,77.017936
500,400,72.115075
500,400,77.315333
500,400,76.581024
500,400,76.410521
500,400,78.699445
500,400,77.515841
500,400,77.899384
500,400,76.649248
500,400,75.623916
500,400,73.988506
500,400,76.433086
500,400,76.188671
500,400,76.006570
500,400,74.794481
500,400,76.653257
500,400,78.492832
500,400,76.797992
500,400,79.142762
500,400,73.071844
500,400,78.275505
500,400,76.434067
500,400,77.819559
500,400,79.110946
500,400,80.905514
500,400,81.303395
500,400,79.364348
500,400,77.667641
500,400,76.852031
500,400,77.052777
500,400,69.917102
500,400,78.747124
500,400,74.440138
500,400,75.737593
500,400,83.085535
500,400,75.433166
500,400,78.330337
500,400,78.002578
500,400,74.876836
500,400,76.569064
500,400,78.135559
500,400,75.068125
500,400,77.298918
500,400,75.854786
500,400,77.256343
500,400,79.845803
500,400,79.281834
500,400,77.964561
500,400,81.521826
500,400,83.453989
500,400,76.326910
500,400,75.729094
500,400,73.410175
500,400,82.783749
500,400,74.393568
500,400,81.434896
500,400,77.030970
500,400,79.756192
500,400,74.824718
500,400,71.357259
500,400,70.091348
500,400,74.385919
500,400,74.234305
500,400,75.048596
500,400,77.162070
500,400,73.731850
500,400,77.609465
500,400,74.171771
500,400,77.141285
500,400,71.515657
500,400,81.474363
500,400,77.237412
500,400,73.840360
500,400,76.298957
500,400,72.529625
500,400,78.529395
500,400,76.167202
500,400,71.768474
500,400,74.878195
500,400,74.750332
500,400,74.983143
500,400,75.779133
500,400,77.490532
500,400,77.330985
500,400,79.253651
500,400,77.829643
500,400,75.985627
500,400,76.821184
500,400,79.147055
500,400,71.693766
500,400,77.673898
500,400,72.608217
500,400,78.020027
500,400,72.110943
500,400,75.493827
500,400,71.052277
500,400,74.611079
500,400,75.097002
500,400,77.183651
500,400,75.469649
500,400,82.961225
500,400,74.347656
500,400,75.694089
500,400,81.435405
500,400,76.493629
500,400,76.831501
500,400,72.413498
500,400,68.237134
500,400,71.551789
500,400,73.292137
500,400,74.302572
500,400,76.811470
500,400,72.490140
500,400,76.206742
500,400,82.428542
500,400,76.855189
500,400,69.375019
500,400,72.586664
500,400,73.268496
500,400,71.411327
500,400,78.423779
500,400,79.270430
500,400,75.874582
500,400,69.531274
500,400,70.597982
500,400,76.473109
500,400,69.310121
500,400,75.077310
500,400,75.104946
500,400,76.365707
500,400,79.260576
500,400,78.895952
500,400,76.269643
500,400,76.901003
500,400,75.719778
500,400,71.662788
500,400,76.775111
500,400,73.737478
500,400,77.777615
500,400,76.977070
500,400,77.857080
500,400,74.877792
500,400,71.879371
500,400,77.898254
500,400,74.508258
500,400,76.819453
500,400,73.218942
500,400,73.096660
500,400,72.909676
500,400,69.611668
500,400,74.598875
500,400,76.352290
500,400,67.836420
500,400,76.428578
500,400,81.998389
500,400,81.678283
500,400,75.997417
500,400,74.143665
500,400,73.595670
500,400,76.587737
500,400,73.382844
500,400,73.161165
500,400,74.212426
500,400,76.613969
500,400,75.907092
500,400,77.504673
500,400,71.574687
500,400,68.280652
500,400,73.961840
500,400,79.012741
500,400,73.679856
500,400,77.724184
500,400,71.000090
500,400,76.544223
500,400,73.764878
500,400,69.224141
500,400,73.565212
500,400,78.488014
500,400,77.119496
500,400,76.639020
500,400,77.302034
500,400,68.656989
500,400,70.631878
500,400,78.736789
500,400,78.178372
500,400,73.217433
500,400,70.209527
500,400,75.610305
500,400,69.741305
500,400,72.701706
500,400,76.232726
500,400,80.369259
500,400,74.642220
500,400,74.931647
500,400,66.450461
500,400,72.184042
500,400,76.523959
500,400,73.427075
500,400,72.545635
500,400,73.825911
500,400,76.814166
500,400,77.120734
500,400,75.267380
500,400,76.463572
500,400,79.702162
500,400,76.222501
500,400,74.074482
500,400,75.381208
500,400,72.086761
500,400,73.575790
500,400,73.186223
500,400,75.991526
500,400,75.520643
500,400,78.078954
500,400,71.236385
500,400,74.099588
500,400,76.056642
500,400,72.334391
500,500,80.288432
500,500,74.987072
500,500,74.873656
500,500,78.791797
500,500,78.926327
500,500,80.458354
500,500,77.602727
500,500,75.153235
500,500,76.458822
500,500,76.226546
500,500,79.552323
500,500,75.138177
500,500,78.741184
500,500,74.881734
500,500,70.735494
500,500,70.465239
500,500,82.992569
500,500,77.376138
500,500,76.232057
500,500,76.666498
500,500,76.293198
500,500,75.509287
500,500,78.732254
500,500,76.062193
500,500,80.606623
500,500,83.375509
500,500,71.259734
500,500,76.136441
500,500,78.097820
500,500,79.981419
500,500,79.074051
500,500,74.854159
500,500,76.098042
500,500,76.285079
500,500,79.695880
500,500,76.438784
500,500,79.042673
500,500,78.101764
500,500,74.683897
500,500,81.728488
500,500,74.143269
500,500,71.264554
500,500,78.092110
500,500,78.154877
500,500,79.526707
500,500,75.854647
500,500,75.463888
500,500,72.805125
500,500,78.044886
500,500,75.066397
500,500,73.037036
500,500,77.338863
500,500,74.509369
500,500,77.208504
500,500,73.371012
500,500,74.728264
500,500,73.183851
500,500,71.337255
500,500,72.510887
500,500,75.700730
500,500,78.585928
500,500,79.149230
500,500,72.960713
500,500,75.595319
500,500,75.733022
500,500,75.806731
500,500,76.130416
500,500,80.521509
500,500,80.661911
500,500,79.026036
500,500,77.332204
500,500,73.095489
500,500,80.195151
500,500,80.904060
500,500,74.049457
500,500,77.681889
500,500,72.305535
500,500,76.043172
500,500,73.746343
500,500,76.500575
500,500,74.290191
500,500,76.577120
500,500,73.693368
500,500,72.262561
500,500,76.591072
500,500,76.896865
500,500,77.015386
500,500,83.363706
500,500,81.347504
500,500,79.640364
500,500,76.304198
500,500,83.416804
500,500,79.072919
500,500,81.828689
500,500,81.225503
500,500,77.044771
500,500,80.830707
500,500,80.534668
500,500,80.658165
500,500,76.297202
500,500,76.767896
500,500,81.624830
500,500,82.296300
500,500,80.510254
500,500,77.046698
500,500,78.510263
500,500,81.871398
500,500,75.960040
500,500,78.169961
500,500,77.591240
500,500,76.496304
500,500,80.372269
500,500,79.155616
500,500,75.074262
500,500,79.850722
500,500,78.515662
500,500,71.260018
500,500,74.265876
500,500,76.284627
500,500,80.977553
500,500,80.715029
500,500,77.948971
500,500,78.206567
500,500,83.823986
500,500,77.219376
500,500,78.252872
500,500,77.455739
500,500,79.008644
500,500,77.376662
500,500,77.578836
500,500,78.053289
500,500,79.250451
500,500,77.104855
500,500,78.832855
500,500,78.472692
500,500,77.168512
500,500,75.042697
500,500,76.480957
500,500,73.317640
500,500,76.776232
500,500,76.902112
500,500,76.432504
500,500,75.462977
500,500,78.534282
500,500,77.655605
500,500,74.378516
500,500,75.347763
500,500,76.358514
500,500,78.238586
500,500,73.612283
500,500,74.457495
500,500,81.604063
500,500,75.757040
500,500,75.651349
500,500,77.201180
500,500,80.970450
500,500,71.691107
500,500,72.231205
500,500,79.359012
500,500,77.931605
500,500,77.050354
500,500,73.792886
500,500,72.637159
500,500,74.797123
500,500,75.902076
500,500,80.530811
500,500,77.178791
500,500,79.064971
500,500,77.452605
500,500,77.098163
500,500,78.191387
500,500,73.153449
500,500,77.615413
500,500,76.829175
500,500,74.983015
500,500,76.573218
500,500,75.615284
500,500,76.255246
500,500,72.704965
500,500,80.907028
500,500,77.409850
500,500,75.357545
500,500,83.413473
500,500,78.030822
500,500,75.314558
500,500,79.109576
500,500,73.193107
500,500,79.085095
500,500,74.327144
500,500,73.097034
500,500,76.022387
500,500,76.455767
500,500,80.344046
500,500,73.036069
500,500,80.226312
500,500,77.007455
500,500,75.207329
500,500,74.944241
500,500,75.804445
500,500,75.415699
500,500,77.766543
500,500,78.940958
500,500,70.791483
500,500,77.769287
500,500,83.157343
500,500,77.082541
500,500,75.192211
500,500,75.165884
500,500,71.621227
500,500,75.524277
500,500,75.949554
500,500,79.741849
500,500,79.253179
500,500,75.214056
500,500,73.633109
500,500,76.983919
500,500,74.114276
500,500,73.241586
500,500,75.761392
500,500,76.702901
500,500,76.655618
500,500,75.322191
500,500,78.329766
500,500,75.326673
500,500,69.035241
500,500,80.244117
500,500,79.185501
500,500,76.273075
500,500,71.654265
500,500,74.201402
500,500,72.635939
500,500,77.434681
500,500,72.401074
500,500,76.652928
500,500,79.704835
500,500,74.499423
500,500,77.078672
500,500,76.875659
500,500,77.900101
500,500,74.385683
500,500,83.311606
500,500,75.889281
500,500,77.605405
500,500,76.413765
500,500,80.186718
500,500,77.657848
500,500,79.017035
500,500,76.709852
500,500,78.576656
500,500,75.734221
500,500,80.051868
500,500,76.054964
500,500,79.853135
500,500,85.172485
500,500,80.749782
500,500,79.120583
500,500,72.295712
500,500,74.837642
500,500,81.271198
500,500,74.508160
500,500,76.516541
500,500,77.531559
500,500,77.789125
500,500,76.299766
500,500,73.926916
500,500,80.167444
500,500,77.749330
500,500,74.234172
500,500,78.716002
500,500,81.280774
500,500,75.291686
500,500,74.468656
500,500,77.182912
500,500,78.948260
500,500,77.789781
500,500,78.785156
500,500,80.147033
500,500,75.223247
500,500,78.707566
500,500,74.604320
500,500,77.253633
500,500,74.994187
500,500,74.591674
500,500,72.626495
500,500,77.504960
500,500,76.450357
500,500,78.811992
500,500,78.200715
500,500,75.617059
500,500,78.557090
500,500,70.564378
500,500,77.501922
500,500,78.120566
500,500,74.994066
500,500,80.958357
500,500,77.630424
500,500,76.467449
500,500,73.032881
500,500,79.373777
500,500,74.942496
500,500,77.488694
500,500,77.211431
500,500,71.571841
500,500,74.844870
500,500,76.940208
500,500,78.251412
500,500,80.326974
500,500,74.045892
500,500,77.796729
500,500,76.757198
500,500,77.210560
500,500,72.876419
500,500,80.978523
500,500,80.405747
500,500,75.346122
500,500,78.031429
500,500,77.595897
500,500,78.046633
500,500,80.143906
500,500,77.815876
500,500,76.525233
500,500,78.779758
500,500,80.226993
500,500,76.082356
500,500,75.514909
500,500,76.237779
500,500,75.765926
500,500,76.364300
500,500,77.341202
500,500,83.744662
500,500,77.415043
500,500,77.505534
500,500,76.752873
500,500,75.836033
500,500,78.643041
500,500,79.898667
500,500,78.050298
500,500,74.484736
500,500,75.788351
500,500,80.532264
500,500,72.426710
500,500,79.332927
500,500,77.055746
500,500,77.044730
500,500,78.987131
500,500,77.483687
500,500,79.335950
500,500,75.873361
500,500,77.004041
500,500,73.293450
500,500,77.554843
500,500,77.200974
500,500,77.760978
500,500,79.289943
500,500,75.472760
500,500,74.671175
500,500,69.877502
500,500,75.788887
500,500,72.976794
500,500,80.150723
500,500,76.734334
500,500,77.009737
500,500,77.570013
500,500,74.940870
500,500,76.028322
500,500,77.605799
500,500,75.228586
500,500,77.970930
500,500,73.724266
500,500,75.140585
500,500,81.397107
500,500,77.280972
500,500,77.112320
500,500,75.058930
500,500,78.851434
500,500,77.031221
500,500,78.896604
500,500,73.238028
500,500,77.066139
500,500,76.433553
500,500,78.687048
500,500,79.562341
500,500,77.831128
500,500,79.003976
500,500,75.428574
500,500,75.031394
500,500,75.123792
500,500,76.053835
500,500,75.748550
500,500,73.014649
500,500,78.673988
500,500,81.385503
500,500,77.228818
500,500,78.664429
500,500,75.363230
500,500,78.354181
500,500,81.885607
500,500,77.483965
500,500,73.989833
500,500,73.763994
1000,0,120.369249
1000,0,119.126676
1000,0,110.570579
1000,0,117.409178
1000,0,116.239135
1000,0,118.388880
1000,0,123.512506
1000,0,114.362825
1000,0,123.990892
1000,0,123.151658
1000,0,120.372651
1000,0,112.542808
1000,0,124.978780
1000,0,118.441437
1000,0,112.922049
1000,0,113.972508
1000,0,121.976025
1000,0,116.635193
1000,0,122.106696
1000,0,123.851761
1000,0,126.872425
1000,0,120.656474
1000,0,116.692220
1000,0,119.881634
1000,0,117.156460
1000,0,113.248968
1000,0,118.362915
1000,0,122.844043
1000,0,114.431129
1000,0,121.819375
1000,0,119.420634
1000,0,122.264846
1000,0,117.124593
1000,0,124.029222
1000,0,117.709333
1000,0,122.298639
1000,0,118.825929
1000,0,114.013528
1000,0,114.105932
1000,0,121.580233
1000,0,120.679423
1000,0,116.997246
1000,0,113.597074
1000,0,117.385770
1000,0,117.843232
1000,0,122.321807
1000,0,118.702777
1000,0,121.718777
1000,0,117.981694
1000,0,121.341388
1000,0,119.141687
1000,0,116.919393
1000,0,114.579007
1000,0,124.151898
1000,0,110.251732
1000,0,114.293380
1000,0,112.511103
1000,0,106.058216
1000,0,110.569089
1000,0,117.577423
1000,0,118.883912
1000,0,108.497412
1000,0,115.885490
1000,0,121.799371
1000,0,112.733554
1000,0,111.041965
1000,0,112.857484
1000,0,112.553619
1000,0,120.667391
1000,0,117.972555
1000,0,120.374303
1000,0,118.699883
1000,0,115.116714
1000,0,125.359913
1000,0,115.526053
1000,0,116.152433
1000,0,121.631892
1000,0,117.052999
1000,0,119.514042
1000,0,110.054908
1000,0,118.285262
1000,0,114.015649
1000,0,119.474706
1000,0,115.966912
1000,0,108.963682
1000,0,116.954804
1000,0,115.103334
1000,0,116.162316
1000,0,116.710558
1000,0,113.408530
1000,0,118.130589
1000,0,118.039311
1000,0,116.151682
1000,0,111.215480
1000,0,117.178259
1000,0,114.746733
1000,0,115.014403
1000,0,114.736326
1000,0,121.220422
1000,0,115.766286
1000,0,116.955651
1000,0,118.412124
1000,0,114.026550
1000,0,122.330032
1000,0,112.219165
1000,0,119.706368
1000,0,116.393307
1000,0,107.937194
1000,0,111.392601
1000,0,111.068330
1000,0,115.036185
1000,0,111.699235
1000,0,111.706972
1000,0,119.252507
1000,0,118.304496
1000,0,117.854631
1000,0,114.760153
1000,0,114.072943
1000,0,115.897059
1000,0,109.425369
1000,0,111.114262
1000,0,108.521862
1000,0,105.460130
1000,0,115.467120
1000,0,108.914397
1000,0,108.146616
1000,0,109.549143
1000,0,119.493999
1000,0,106.723284
1000,0,114.227861
1000,0,110.798175
1000,0,115.956888
1000,0,114.361273
1000,0,107.393455
1000,0,118.091966
1000,0,109.783360
1000,0,106.652964
1000,0,121.916164
1000,0,112.938092
1000,0,114.054828
1000,0,104.218480
1000,0,115.729500
1000,0,113.861166
1000,0,108.852134
1000,0,111.746608
1000,0,117.453431
1000,0,111.170486
1000,0,113.996958
1000,0,117.528889
1000,0,107.532231
1000,0,112.751994
1000,0,116.874381
1000,0,116.403983
1000,0,113.696410
1000,0,110.495228
1000,0,119.526168
1000,0,116.767377
1000,0,113.413700
1000,0,112.682731
1000,0,106.605526
1000,0,114.298114
1000,0,112.497557
1000,0,115.296819
1000,0,116.388286
1000,0,117.915195
1000,0,116.656281
1000,0,121.826669
1000,0,126.165847
1000,0,111.355492
1000,0,125.067431
1000,0,118.061288
1000,0,115.342020
1000,0,115.036594
1000,0,119.613219
1000,0,118.699120
1000,0,116.617099
1000,0,117.903402
1000,0,118.236480
1000,0,118.134732
1000,0,114.442630
1000,0,121.432542
1000,0,113.808030
1000,0,126.105198
1000,0,117.855241
1000,0,112.045514
1000,0,121.196534
1000,0,114.490413
1000,0,115.741465
1000,0,116.141662
1000,0,116.932988
1000,0,119.007749
1000,0,119.021184
1000,0,116.912583
1000,0,113.040526
1000,0,115.242591
1000,0,119.644499
1000,0,116.103180
1000,0,112.881575
1000,0,117.295525
1000,0,117.380053
1000,0,107.034758
1000,0,116.817780
1000,0,114.258799
1000,0,117.847596
1000,0,114.776172
1000,0,113.965496
1000,0,114.654198
1000,0,117.099733
1000,0,118.042494
1000,0,116.936442
1000,0,115.703779
1000,0,108.854730
1000,0,119.469890
1000,0,116.276526
1000,0,116.290164
1000,0,120.694560
1000,0,114.094787
1000,0,112.652641
1000,0,112.286217
1000,0,116.995094
1000,0,124.086315
1000,0,115.053648
1000,0,115.554101
1000,0,112.588908
1000,0,118.872036
1000,0,116.424892
1000,0,113.194684
1000,0,119.151209
1000,0,111.639843
1000,0,123.348949
1000,0,114.736572
1000,0,124.236731
1000,0,117.483301
1000,0,119.966600
1000,0,119.737139
1000,0,119.682800
1000,0,115.298324
1000,0,114.821543
1000,0,112.403878
1000,0,111.141068
1000,0,109.936651
1000,0,114.374990
1000,0,116.472111
1000,0,112.925039
1000,0,113.172263
1000,0,112.674878
1000,0,106.938522
1000,0,115.509858
1000,0,107.985537
1000,0,115.011898
1000,0,111.794629
1000,0,107.451075
1000,0,112.423501
1000,0,113.539394
1000,0,116.846512
1000,0,116.660809
1000,0,106.380021
1000,0,113.068933
1000,0,109.558200
1000,0,114.278147
1000,0,110.879025
1000,0,109.744708
1000,0,107.898881
1000,0,115.689909
1000,0,113.437502
1000,0,115.498102
1000,0,121.639434
1000,0,118.468451
1000,0,112.944353
1000,0,117.715853
1000,0,114.267498
1000,0,106.273059
1000,0,120.132190
1000,0,114.112965
1000,0,106.739098
1000,0,117.535049
1000,0,109.313922
1000,0,107.958086
1000,0,120.001793
1000,0,116.997196
1000,0,121.699236
1000,0,111.084680
1000,0,109.368457
1000,0,111.056218
1000,0,107.611387
1000,0,112.264731
1000,0,105.964412
1000,0,105.908726
1000,0,111.064674
1000,0,109.255756
1000,0,113.980825
1000,0,103.520433
1000,0,106.757595
1000,0,107.829685
1000,0,112.957659
1000,0,101.863482
1000,0,113.386989
1000,0,109.936105
1000,0,105.673141
1000,0,111.921304
1000,0,113.222970
1000,0,113.321583
1000,0,109.346986
1000,0,114.938882
1000,0,112.400142
1000,0,106.523814
1000,0,117.346195
1000,0,105.854028
1000,0,115.030656
1000,0,111.799417
1000,0,112.404870
1000,0,118.662853
1000,0,110.697987
1000,0,109.721854
1000,0,113.231256
1000,0,112.106040
1000,0,104.014622
1000,0,109.807614
1000,0,112.411932
1000,0,113.326287
1000,0,116.300672
1000,0,117.452918
1000,0,113.309822
1000,0,116.343583
1000,0,113.727290
1000,0,108.800442
1000,0,108.311735
1000,0,112.077804
1000,0,113.484200
1000,0,105.600483
1000,0,109.897287
1000,0,111.394917
1000,0,117.698776
1000,0,108.861399
1000,0,106.044837
1000,0,113.533833
1000,0,115.924224
1000,0,117.005316
1000,0,113.731069
1000,0,115.998831
1000,0,107.449499
1000,0,111.114895
1000,0,111.902557
1000,0,109.055248
1000,0,113.269800
1000,0,114.249308
1000,0,115.413240
1000,0,120.031392
1000,0,111.810376
1000,0,117.981066
1000,0,110.424864
1000,0,114.766395
1000,0,106.328398
1000,0,112.737722
1000,0,124.947935
1000,0,107.454588
1000,0,118.572326
1000,0,103.446854
1000,0,114.182587
1000,0,105.852349
1000,0,108.209810
1000,0,116.720825
1000,0,109.695571
1000,0,112.506728
1000,0,110.797492
1000,0,110.092052
1000,0,108.937596
1000,0,117.270621
1000,0,108.122530
1000,0,109.112003
1000,0,118.969218
1000,0,115.885069
1000,0,105.124354
1000,0,108.425217
1000,0,113.200254
1000,0,111.043510
1000,0,114.184559
1000,0,113.632582
1000,0,115.136938
1000,0,117.892612
1000,0,105.530566
1000,0,117.060240
1000,0,106.742491
1000,0,110.331413
1000,0,113.921100
1000,0,101.993538
1000,0,116.208050
1000,0,120.510762
1000,0,108.469858
1000,0,110.440740
1000,0,111.362388
1000,0,119.158228
1000,0,110.317615
1000,0,108.428938
1000,0,112.241552
1000,0,107.612498
1000,0,113.520535
1000,0,111.525468
1000,0,110.036834
1000,0,117.776201
1000,100,118.846495
1000,100,116.507679
1000,100,121.581826
1000,100,128.677933
1000,100,121.006934
1000,100,125.849514
1000,100,118.421740
1000,100,119.565323
1000,100,120.778034
1000,100,124.606957
1000,100,114.306445
1000,100,113.848162
1000,100,120.200911
1000,100,120.942278
1000,100,114.155073
1000,100,118.104571
1000,100,129.813099
1000,100,121.188114
1000,100,119.657488
1000,100,112.106068
1000,100,114.220583
1000,100,117.274838
1000,100,112.388293
1000,100,120.740078
1000,100,120.683002
1000,100,118.901457
1000,100,121.770171
1000,100,126.699029
1000,100,119.245494
1000,100,117.291669
1000,100,113.563958
1000,100,119.797799
1000,100,119.321669
1000,100,117.067114
1000,100,119.414957
1000,100,117.761485
1000,100,117.044649
1000,100,120.362364
1000,100,118.029445
1000,100,114.967226
1000,100,116.096022
1000,100,117.715079
1000,100,120.730368
1000,100,113.729200
1000,100,113.545392
1000,100,116.595173
1000,100,121.852887
1000,100,116.070117
1000,100,120.857250
1000,100,111.772183
1000,100,113.189078
1000,100,118.200155
1000,100,114.470394
1000,100,109.943038
1000,100,117.028171
1000,100,124.296141
1000,100,110.769752
1000,100,112.476358
1000,100,110.801404
1000,100,114.350683
1000,100,120.117150
1000,100,116.136934
1000,100,113.418796
1000,100,121.951706
1000,100,119.660799
1000,100,116.562066
1000,100,116.227301
1000,100,113.998415
1000,100,117.808619
1000,100,120.119603
1000,100,113.149118
1000,100,108.617228
1000,100,114.383249
1000,100,114.963388
1000,100,125.066972
1000,100,118.205617
1000,100,118.648343
1000,100,116.217428
1000,100,120.479329
1000,100,124.183861
1000,100,113.450430
1000,100,110.542027
1000,100,116.193076
1000,100,113.334690
1000,100,110.829468
1000,100,114.857953
1000,100,113.662582
1000,100,118.563235
1000,100,115.821647
1000,100,115.013494
1000,100,118.533320
1000,100,110.822001
1000,100,116.501438
1000,100,117.437260
1000,100,114.220966
1000,100,113.344868
1000,100,114.277098
1000,100,119.518678
1000,100,116.613490
1000,100,116.198434
1000,100,113.760587
1000,100,111.404011
1000,100,119.708281
1000,100,117.094871
1000,100,107.125406
1000,100,116.738576
1000,100,111.117030
1000,100,117.678486
1000,100,110.867413
1000,100,119.006788
1000,100,112.798681
1000,100,109.611000
1000,100,108.110656
1000,100,112.837180
1000,100,116.456479
1000,100,114.058604
1000,100,117.818814
1000,100,112.433180
1000,100,112.455121
1000,100,120.634682
1000,100,112.504793
1000,100,114.071430
1000,100,108.602924
1000,100,119.978333
1000,100,121.207629
1000,100,111.265682
1000,100,112.684120
1000,100,108.612455
1000,100,118.668492
1000,100,117.432957
1000,100,115.300666
1000,100,105.810631
1000,100,113.494909
1000,100,112.865769
1000,100,117.839584
1000,100,111.693799
1000,100,116.630312
1000,100,108.054076
1000,100,113.069218
1000,100,111.137629
1000,100,106.990114
1000,100,104.276624
1000,100,111.330308
1000,100,118.862284
1000,100,111.398720
1000,100,114.243358
1000,100,115.308248
1000,100,113.762791
1000,100,106.431798
1000,100,98.464961
1000,100,114.997622
1000,100,114.952137
1000,100,116.540742
1000,100,113.739172
1000,100,103.236080
1000,100,111.133259
1000,100,115.365267
1000,100,111.574878
1000,100,114.758759
1000,100,111.782804
1000,100,118.740533
1000,100,120.785968
1000,100,117.984422
1000,100,114.351496
1000,100,111.615320
1000,100,109.412992
1000,100,123.517689
1000,100,115.084817
1000,100,117.608486
1000,100,116.735766
1000,100,115.370461
1000,100,117.031440
1000,100,115.342545
1000,100,113.218678
1000,100,119.643772
1000,100,117.649993
1000,100,118.661768
1000,100,115.215437
1000,100,114.023671
1000,100,124.197880
1000,100,123.382105
1000,100,112.561767
1000,100,119.590756
1000,100,120.365966
1000,100,116.303121
1000,100,118.382843
1000,100,117.192873
1000,100,118.747175
1000,100,120.733530
1000,100,115.642642
1000,100,121.404085
1000,100,113.868136
1000,100,119.974721
1000,100,114.661733
1000,100,109.624641
1000,100,113.378529
1000,100,114.336862
1000,100,114.848301
1000,100,115.522605
1000,100,117.653624
1000,100,120.672210
1000,100,114.581500
1000,100,116.301493
1000,100,111.807005
1000,100,122.519408
1000,100,115.588965
1000,100,111.579525
1000,100,112.211819
1000,100,110.894388
1000,100,115.067163
1000,100,110.632134
1000,100,119.169443
1000,100,111.837107
1000,100,109.567292
1000,100,118.993634
1000,100,115.679505
1000,100,119.079379
1000,100,118.512611
1000,100,118.190325
1000,100,110.835161
1000,100,108.902259
1000,100,121.775468
1000,100,117.010432
1000,100,114.919014
1000,100,121.895976
1000,100,111.273725
1000,100,109.868792
1000,100,121.504137
1000,100,119.270731
1000,100,118.826153
1000,100,115.502852
1000,100,112.413867
1000,100,116.447747
1000,100,116.197623
1000,100,119.334430
1000,100,108.566330
1000,100,119.541310
1000,100,115.935842
1000,100,118.294923
1000,100,111.621304
1000,100,124.217210
1000,100,118.461799
1000,100,114.746703
1000,100,118.907326
1000,100,117.710229
1000,100,119.280939
1000,100,121.280574
1000,100,124.212399
1000,100,122.974182
1000,100,119.851377
1000,100,123.804527
1000,100,124.283568
1000,100,117.111130
1000,100,119.236622
1000,100,119.485599
1000,100,125.218528
1000,100,119.004168
1000,100,120.074111
1000,100,109.118750
1000,100,120.636296
1000,100,117.708619
1000,100,116.932843
1000,100,120.782081
1000,100,119.806474
1000,100,116.856586
1000,100,117.897121
1000,100,124.404501
1000,100,123.815041
1000,100,116.952545
1000,100,125.346613
1000,100,108.385588
1000,100,128.141509
1000,100,119.306704
1000,100,120.125215
1000,100,125.530154
1000,100,122.319987
1000,100,113.268601
1000,100,114.954421
1000,100,120.369356
1000,100,117.576217
1000,100,119.363448
1000,100,121.397428
1000,100,121.860746
1000,100,115.945602
1000,100,112.981305
1000,100,124.139087
1000,100,115.113274
1000,100,118.466649
1000,100,117.080698
1000,100,120.437569
1000,100,120.987513
1000,100,123.115345
1000,100,116.291666
1000,100,123.135038
1000,100,119.658851
1000,100,116.749941
1000,100,114.051796
1000,100,122.955113
1000,100,116.472442
1000,100,121.285774
1000,100,119.274755
1000,100,113.981051
1000,100,122.540712
1000,100,110.033567
1000,100,115.952926
1000,100,115.759863
1000,100,112.499121
1000,100,121.537880
1000,100,119.884106
1000,100,122.137343
1000,100,126.855616
1000,100,115.630094
1000,100,124.669957
1000,100,121.280460
1000,100,121.091456
1000,100,114.840743
1000,100,121.823565
1000,100,120.569179
1000,100,118.790592
1000,100,116.856159
1000,100,127.875021
1000,100,123.798519
1000,100,116.665732
1000,100,116.238660
1000,100,127.972020
1000,100,119.268882
1000,100,119.465425
1000,100,117.145345
1000,100,120.070358
1000,100,127.548784
1000,100,125.502720
1000,100,117.783077
1000,100,123.146057
1000,100,123.240181
1000,100,132.933206
1000,100,120.696041
1000,100,128.145173
1000,100,124.169017
1000,100,127.467579
1000,100,117.265267
1000,100,119.656437
1000,100,124.611322
1000,100,121.095060
1000,100,117.504264
1000,100,120.448619
1000,100,121.164493
1000,100,122.062113
1000,100,117.164487
1000,100,112.833056
1000,100,122.478697
1000,100,122.163537
1000,100,120.285962
1000,100,122.873018
1000,100,125.312651
1000,100,117.600739
1000,100,122.844531
1000,100,114.748563
1000,100,122.861071
1000,100,119.480409
1000,100,110.157226
1000,100,121.653544
1000,100,118.737088
1000,100,121.943824
1000,100,117.560736
1000,100,116.364229
1000,100,126.129931
1000,100,119.714776
1000,100,116.943056
1000,100,129.036004
1000,100,132.616055
1000,100,128.007105
1000,100,118.066018
1000,100,117.353151
1000,100,121.927023
1000,100,122.073781
1000,100,111.605333
1000,100,120.688107
1000,100,122.632524
1000,100,117.610839
1000,100,123.082811
1000,100,114.745098
1000,100,119.547231
1000,100,118.837421
1000,100,122.630675
1000,100,123.714185
1000,100,117.752372
1000,100,123.806115
1000,100,117.941426
1000,100,125.876458
1000,100,125.187188
1000,100,117.363165
1000,100,120.102710
1000,100,127.495211
1000,100,127.089420
1000,100,114.228738
1000,100,122.722831
1000,100,119.844689
1000,100,123.891726
1000,100,121.896574
1000,100,120.408708
1000,200,116.813193
1000,200,115.858475
1000,200,121.514482
1000,200,120.219833
1000,200,107.270994
1000,200,116.836958
1000,200,117.676666
1000,200,118.001444
1000,200,115.208262
1000,200,119.932392
1000,200,120.223628
1000,200,120.438185
1000,200,109.635607
1000,200,113.205129
1000,200,115.353875
1000,200,120.527314
1000,200,115.727342
1000,200,120.631276
1000,200,118.867212
1000,200,119.191293
1000,200,117.058747
1000,200,121.271516
1000,200,119.687535
1000,200,114.372516
1000,200,107.423534
1000,200,113.194950
1000,200,117.171457
1000,200,114.214816
1000,200,120.937443
1000,200,124.213337
1000,200,117.013270
1000,200,115.227747
1000,200,107.389642
1000,200,120.297658
1000,200,118.471470
1000,200,111.833988
1000,200,119.663834
1000,200,116.070082
1000,200,109.473360
1000,200,115.521873
1000,200,114.583130
1000,200,112.168011
1000,200,113.600615
1000,200,106.907752
1000,200,123.034858
1000,200,118.494581
1000,200,118.094909
1000,200,111.536159
1000,200,116.948947
1000,200,113.693101
1000,200,116.317437
1000,200,109.767237
1000,200,109.973150
1000,200,106.331434
1000,200,123.377052
1000,200,116.106942
1000,200,111.586436
1000,200,119.692406
1000,200,118.334591
1000,200,112.300752
1000,200,118.276902
1000,200,119.685377
1000,200,111.772334
1000,200,111.521294
1000,200,118.545514
1000,200,114.570613
1000,200,117.071849
1000,200,110.146981
1000,200,116.428552
1000,200,106.453664
1000,200,114.585936
1000,200,119.169212
1000,200,119.670950
1000,200,112.154195
1000,200,110.506414
1000,200,118.329623
1000,200,119.366604
1000,200,112.350615
1000,200,110.875201
1000,200,114.880729
1000,200,116.422704
1000,200,116.744995
1000,200,123.551501
1000,200,116.425315
1000,200,110.554169
1000,200,123.343664
1000,200,118.558538
1000,200,115.656228
1000,200,116.857573
1000,200,115.625531
1000,200,117.487078
1000,200,119.551166
1000,200,121.132205
1000,200,121.705221
1000,200,116.901363
1000,200,109.735517
1000,200,126.562628
1000,200,121.640553
1000,200,114.999038
1000,200,121.908425
1000,200,123.304529
1000,200,122.329123
1000,200,114.686579
1000,200,112.872329
1000,200,112.003204
1000,200,114.295998
1000,200,121.636052
1000,200,123.636181
1000,200,112.917929
1000,200,118.423399
1000,200,117.327025
1000,200,114.374656
1000,200,118.204216
1000,200,115.196943
1000,200,116.127629
1000,200,121.671400
1000,200,124.067283
1000,200,113.496201
1000,200,115.917535
1000,200,122.386701
1000,200,117.292333
1000,200,114.532551
1000,200,119.193951
1000,200,113.689257
1000,200,123.766701
1000,200,117.610770
1000,200,116.427240
1000,200,112.955081
1000,200,115.458402
1000,200,114.753292
1000,200,115.091416
1000,200,114.775735
1000,200,114.464440
1000,200,120.739985
1000,200,117.873540
1000,200,115.733667
1000,200,121.239043
1000,200,115.344037
1000,200,123.168255
1000,200,123.539296
1000,200,120.663396
1000,200,117.883051
1000,200,117.802734
1000,200,117.839267
1000,200,123.960459
1000,200,110.900431
1000,200,116.725827
1000,200,118.607086
1000,200,114.853483
1000,200,118.152536
1000,200,115.012868
1000,200,123.482359
1000,200,122.929208
1000,200,119.211021
1000,200,123.633135
1000,200,115.766540
1000,200,113.387760
1000,200,108.699713
1000,200,118.263841
1000,200,120.575622
1000,200,116.984192
1000,200,114.847541
1000,200,117.896787
1000,200,119.813380
1000,200,109.005403
1000,200,113.149738
1000,200,110.855327
1000,200,118.661144
1000,200,117.169479
1000,200,118.942830
1000,200,120.178324
1000,200,113.772177
1000,200,116.402059
1000,200,116.677962
1000,200,115.351599
1000,200,118.832494
1000,200,121.016134
1000,200,118.463739
1000,200,113.763778
1000,200,109.659691
1000,200,115.233351
1000,200,120.814195
1000,200,121.034943
1000,200,107.045558
1000,200,108.756680
1000,200,110.323818
1000,200,109.764699
1000,200,119.192094
1000,200,109.283480
1000,200,119.287887
1000,200,111.127689
1000,200,109.545109
1000,200,126.635479
1000,200,116.735320
1000,200,112.139213
1000,200,117.218302
1000,200,121.808418
1000,200,120.102230
1000,200,113.550158
1000,200,117.563272
1000,200,115.050556
1000,200,118.351307
1000,200,111.210268
1000,200,116.072383
1000,200,119.053105
1000,200,118.101812
1000,200,120.970267
1000,200,120.729234
1000,200,120.046587
1000,200,112.005421
1000,200,113.596992
1000,200,111.165205
1000,200,113.028079
1000,200,115.117456
1000,200,117.845367
1000,200,113.566523
1000,200,118.676447
1000,200,116.946031
1000,200,110.551932
1000,200,118.537477
1000,200,110.060804
1000,200,107.571270
1000,200,116.255145
1000,200,112.512245
1000,200,113.479696
1000,200,107.618646
1000,200,119.711895
1000,200,114.913686
1000,200,111.750631
1000,200,114.681878
1000,200,114.595368
1000,200,117.046456
1000,200,110.680214
1000,200,118.422076
1000,200,113.731097
1000,200,122.080102
1000,200,118.983566
1000,200,113.389411
1000,200,116.923662
1000,200,111.597034
1000,200,115.275288
1000,200,119.544667
1000,200,121.849490
1000,200,118.678775
1000,200,111.345687
1000,200,119.376773
1000,200,118.110704
1000,200,124.816314
1000,200,117.842052
1000,200,124.778086
1000,200,116.405393
1000,200,114.175604
1000,200,111.343944
1000,200,119.502234
1000,200,119.137389
1000,200,117.708456
1000,200,118.711160
1000,200,114.045994
1000,200,114.726152
1000,200,122.824839
1000,200,120.369731
1000,200,119.366177
1000,200,129.910385
1000,200,116.269611
1000,200,118.240146
1000,200,120.433089
1000,200,118.780384
1000,200,117.906050
1000,200,119.512767
1000,200,124.336246
1000,200,116.528140
1000,200,112.854129
1000,200,119.984634
1000,200,109.535185
1000,200,116.498137
1000,200,116.466377
1000,200,117.028791
1000,200,111.425059
1000,200,115.225811
1000,200,116.259885
1000,200,115.275873
1000,200,112.971213
1000,200,111.548094
1000,200,115.051810
1000,200,111.585332
1000,200,112.328911
1000,200,119.364057
1000,200,115.187861
1000,200,112.153458
1000,200,123.267762
1000,200,111.073918
1000,200,110.218531
1000,200,114.183656
1000,200,117.411817
1000,200,115.795062
1000,200,118.274548
1000,200,113.560788
1000,200,119.058950
1000,200,114.205129
1000,200,115.342893
1000,200,116.115268
1000,200,112.629933
1000,200,119.486672
1000,200,116.239353
1000,200,114.445983
1000,200,115.903592
1000,200,115.006149
1000,200,115.228548
1000,200,114.186863
1000,200,120.139421
1000,200,115.497492
1000,200,114.927649
1000,200,117.858881
1000,200,118.131716
1000,200,114.845424
1000,200,117.651136
1000,200,110.838073
1000,200,123.885289
1000,200,118.914083
1000,200,116.435222
1000,200,115.787908
1000,200,110.254428
1000,200,113.780220
1000,200,114.718634
1000,200,114.410001
1000,200,110.876506
1000,200,113.897286
1000,200,117.091734
1000,200,113.639402
1000,200,118.836870
1000,200,121.087961
1000,200,115.911168
1000,200,119.387009
1000,200,122.005976
1000,200,116.198528
1000,200,115.953076
1000,200,116.216502
1000,200,114.375283
1000,200,110.377969
1000,200,120.852533
1000,200,119.341295
1000,200,116.706260
1000,200,110.658582
1000,200,117.710634
1000,200,112.606270
1000,200,112.683660
1000,200,114.067168
1000,200,117.621666
1000,200,116.016817
1000,200,115.070621
1000,200,111.777893
1000,200,110.407592
1000,200,112.053342
1000,200,114.013027
1000,200,118.415520
1000,200,115.621082
1000,200,112.148490
1000,200,117.784119
1000,200,108.756314
1000,200,115.399837
1000,200,116.427482
1000,200,115.489432
1000,200,110.825854
1000,200,116.336492
1000,200,109.184685
1000,200,117.827619
1000,200,116.993385
1000,200,116.305510
1000,200,112.032426
1000,200,114.956740
1000,200,112.386877
1000,200,107.844313
1000,200,111.905836
1000,200,121.239428
1000,200,112.952645
1000,200,116.224789
1000,200,107.697707
1000,200,112.571624
1000,200,114.780158
1000,200,105.938434
1000,200,104.888375
1000,200,107.143783
1000,200,107.825042
1000,200,115.497862
1000,200,114.430189
1000,200,116.958668
1000,200,114.837890
1000,200,109.097302
1000,200,116.020647
1000,200,112.536570
1000,200,113.463618
1000,200,109.461830
1000,200,108.511931
1000,200,113.818105
1000,200,111.186470
1000,200,110.498940
1000,200,114.390031
1000,200,113.829946
1000,200,113.142212
1000,200,121.938769
1000,300,58.618576
1000,300,60.315944
1000,300,62.056641
1000,300,62.209439
1000,300,63.537057
1000,300,60.652149
1000,300,56.879187
1000,300,62.841954
1000,300,56.611496
1000,300,61.470636
1000,300,63.858233
1000,300,60.315469
1000,300,57.204827
1000,300,57.979702
1000,300,61.788076
1000,300,61.554564
1000,300,61.687064
1000,300,59.138996
1000,300,61.831659
1000,300,62.759913
1000,300,60.868462
1000,300,60.927257
1000,300,59.622816
1000,300,62.764601
1000,300,59.330247
1000,300,58.285932
1000,300,57.580783
1000,300,57.208487
1000,300,61.834028
1000,300,58.392788
1000,300,60.096983
1000,300,59.388246
1000,300,61.191228
1000,300,59.532626
1000,300,60.540851
1000,300,62.335601
1000,300,60.910501
1000,300,61.512253
1000,300,58.816589
1000,300,62.585564
1000,300,60.325764
1000,300,59.957330
1000,300,57.892984
1000,300,59.530974
1000,300,59.126955
1000,300,58.400564
1000,300,58.133144
1000,300,58.652491
1000,300,57.020287
1000,300,57.862658
1000,300,60.126837
1000,300,62.446347
1000,300,58.763189
1000,300,59.535993
1000,300,58.356225
1000,300,60.743964
1000,300,61.222897
1000,300,60.971483
1000,300,61.228561
1000,300,60.139078
1000,300,57.389721
1000,300,59.090926
1000,300,57.686921
1000,300,56.828960
1000,300,55.620430
1000,300,60.362200
1000,300,57.046452
1000,300,61.150524
1000,300,60.093860
1000,300,59.628830
1000,300,60.588216
1000,300,59.364067
1000,300,57.637540
1000,300,60.541728
1000,300,60.548221
1000,300,59.748247
1000,300,58.933077
1000,300,60.319781
1000,300,59.738113
1000,300,58.529639
1000,300,59.571520
1000,300,57.859988
1000,300,58.564781
1000,300,60.520217
1000,300,61.072106
1000,300,59.988560
1000,300,59.899070
1000,300,62.048321
1000,300,62.590653
1000,300,61.429575
1000,300,60.969308
1000,300,59.828709
1000,300,62.258281
1000,300,58.088160
1000,300,58.533187
1000,300,62.652077
1000,300,58.174974
1000,300,62.999226
1000,300,59.446795
1000,300,61.262063
1000,300,61.650974
1000,300,62.632764
1000,300,58.094419
1000,300,60.544948
1000,300,59.508662
1000,300,61.233140
1000,300,64.217413
1000,300,59.736633
1000,300,58.434753
1000,300,61.219845
1000,300,56.230917
1000,300,60.420328
1000,300,59.862983
1000,300,61.574122
1000,300,64.247017
1000,300,58.788341
1000,300,57.418682
1000,300,59.300263
1000,300,59.929653
1000,300,63.602130
1000,300,59.783119
1000,300,58.494131
1000,300,63.520039
1000,300,58.169437
1000,300,57.894438
1000,300,58.150387
1000,300,54.112644
1000,300,59.152386
1000,300,57.322848
1000,300,61.519557
1000,300,60.249023
1000,300,60.383737
1000,300,57.129110
1000,300,60.125355
1000,300,57.903285
1000,300,60.700581
1000,300,63.946496
1000,300,56.379274
1000,300,59.950862
1000,300,59.803599
1000,300,61.513381
1000,300,57.553461
1000,300,60.342023
1000,300,60.039298
1000,300,55.774616
1000,300,60.450463
1000,300,59.805006
1000,300,59.110010
1000,300,59.481260
1000,300,60.407684
1000,300,59.045920
1000,300,62.440440
1000,300,63.033387
1000,300,61.760170
1000,300,58.760565
1000,300,58.971668
1000,300,57.892677
1000,300,59.906574
1000,300,60.634953
1000,300,60.555345
1000,300,58.914580
1000,300,62.887260
1000,300,62.120036
1000,300,62.433819
1000,300,56.727648
1000,300,62.648847
1000,300,62.573318
1000,300,64.628223
1000,300,62.307655
1000,300,61.242809
1000,300,58.941665
1000,300,61.455730
1000,300,65.600107
1000,300,58.277093
1000,300,62.540886
1000,300,65.360256
1000,300,60.050815
1000,300,60.343324
1000,300,58.620102
1000,300,61.077460
1000,300,63.834905
1000,300,58.475947
1000,300,60.600206
1000,300,58.445300
1000,300,61.520641
1000,300,59.033012
1000,300,60.637889
1000,300,61.722098
1000,300,60.697251
1000,300,58.758842
1000,300,57.552313
1000,300,64.836638
1000,300,62.466914
1000,300,61.569096
1000,300,62.853473
1000,300,59.392389
1000,300,59.420153
1000,300,61.121858
1000,300,61.883228
1000,300,60.930382
1000,300,57.448275
1000,300,63.048059
1000,300,60.951485
1000,300,60.565947
1000,300,60.984467
1000,300,58.881130
1000,300,59.539217
1000,300,60.796108
1000,300,60.570901
1000,300,57.924175
1000,300,60.485903
1000,300,59.867165
1000,300,61.288367
1000,300,60.117597
1000,300,58.553599
1000,300,59.503319
1000,300,62.478098
1000,300,59.475775
1000,300,56.590177
1000,300,59.025002
1000,300,60.471904
1000,300,60.730386
1000,300,65.229389
1000,300,61.519433
1000,300,60.720559
1000,300,61.524436
1000,300,59.500665
1000,300,59.802898
1000,300,64.229082
1000,300,58.791109
1000,300,58.883485
1000,300,57.846419
1000,300,55.946457
1000,300,60.177669
1000,300,62.525772
1000,300,58.633632
1000,300,60.431400
1000,300,60.952519
1000,300,61.852758
1000,300,59.035432
1000,300,62.259468
1000,300,57.290275
1000,300,60.159779
1000,300,59.026994
1000,300,61.523275
1000,300,60.051784
1000,300,58.822734
1000,300,59.138065
1000,300,62.326812
1000,300,57.642870
1000,300,57.904012
1000,300,56.369509
1000,300,62.749317
1000,300,62.527315
1000,300,62.119827
1000,300,61.147258
1000,300,56.709295
1000,300,61.866501
1000,300,59.602242
1000,300,61.719968
1000,300,60.972844
1000,300,60.745896
1000,300,62.378691
1000,300,60.544498
1000,300,60.587737
1000,300,61.846574
1000,300,63.185469
1000,300,61.752692
1000,300,60.313912
1000,300,59.635022
1000,300,58.311153
1000,300,58.193594
1000,300,58.517057
1000,300,61.874167
1000,300,61.476243
1000,300,59.021871
1000,300,58.891011
1000,300,64.312127
1000,300,57.259765
1000,300,59.202859
1000,300,60.113725
1000,300,57.991663
1000,300,58.597492
1000,300,61.021417
1000,300,60.348414
1000,300,62.807458
1000,300,61.171057
1000,300,57.817859
1000,300,64.511913
1000,300,60.949920
1000,300,57.803273
1000,300,57.854438
1000,300,56.022586
1000,300,59.764941
1000,300,59.460348
1000,300,58.998712
1000,300,55.278018
1000,300,60.683271
1000,300,60.938196
1000,300,62.112066
1000,300,56.458523
1000,300,61.149025
1000,300,60.080913
1000,300,59.625007
1000,300,58.856249
1000,300,59.236297
1000,300,61.947657
1000,300,57.811515
1000,300,61.077281
1000,300,61.409218
1000,300,60.204460
1000,300,60.064164
1000,300,57.637217
1000,300,60.747243
1000,300,52.663305
1000,300,52.566275
1000,300,60.647486
1000,300,64.492081
1000,300,61.728157
1000,300,59.911301
1000,300,59.719141
1000,300,55.674447
1000,300,58.174959
1000,300,60.933514
1000,300,60.045318
1000,300,58.853274
1000,300,60.649842
1000,300,57.475389
1000,300,56.405663
1000,300,59.510753
1000,300,56.519856
1000,300,56.007715
1000,300,61.417553
1000,300,59.479315
1000,300,60.277229
1000,300,60.434038
1000,300,57.995436
1000,300,57.304579
1000,300,58.034998
1000,300,58.168821
1000,300,56.741317
1000,300,59.095982
1000,300,59.006277
1000,300,59.665400
1000,300,55.955601
1000,300,60.374134
1000,300,58.846952
1000,300,62.373271
1000,300,55.928352
1000,300,58.517262
1000,300,55.984741
1000,300,56.970992
1000,300,58.882436
1000,300,56.956997
1000,300,56.876342
1000,300,58.847788
1000,300,60.061442
1000,300,57.923410
1000,300,58.280563
1000,300,57.612571
1000,300,57.227121
1000,300,55.140008
1000,300,55.619068
1000,300,56.267470
1000,300,55.001675
1000,300,57.290792
1000,300,58.326016
1000,300,59.693862
1000,300,59.240575
1000,300,58.261938
1000,300,58.845585
1000,300,56.850507
1000,300,54.527729
1000,300,57.014622
1000,300,59.730941
1000,300,55.372838
1000,300,56.747248
1000,300,56.662085
1000,300,58.528120
1000,300,59.893185
1000,300,56.643521
1000,300,55.390419
1000,300,60.975189
1000,300,60.768441
1000,300,61.021567
1000,300,58.524213
1000,300,56.571390
1000,300,55.038045
1000,300,57.897456
1000,300,58.984970
1000,300,57.716782
1000,300,57.993509
1000,300,57.763737
1000,300,58.712415
1000,300,55.275914
1000,300,55.746745
1000,300,59.798997
1000,300,60.753002
1000,300,55.854549
1000,300,61.101750
1000,400,136.562556
1000,400,136.704464
1000,400,136.370382
1000,400,138.843955
1000,400,138.314876
1000,400,136.921964
1000,400,127.386836
1000,400,129.525113
1000,400,137.366849
1000,400,130.162223
1000,400,142.841080
1000,400,141.474261
1000,400,135.226791
1000,400,142.974723
1000,400,134.489918
1000,400,140.211634
1000,400,137.465230
1000,400,132.945938
1000,400,131.067392
1000,400,127.145349
1000,400,135.072155
1000,400,140.459773
1000,400,128.981625
1000,400,147.807704
1000,400,132.546447
1000,400,139.188957
1000,400,130.081654
1000,400,130.231089
1000,400,133.671636
1000,400,135.448775
1000,400,131.023572
1000,400,133.586169
1000,400,136.141297
1000,400,137.142560
1000,400,130.933118
1000,400,129.130299
1000,400,133.818115
1000,400,136.750567
1000,400,134.914429
1000,400,130.823879
1000,400,134.751980
1000,400,124.989519
1000,400,131.256151
1000,400,136.056252
1000,400,133.938497
1000,400,128.394578
1000,400,135.344722
1000,400,134.758650
1000,400,138.618488
1000,400,141.646767
1000,400,130.686153
1000,400,133.650686
1000,400,134.784611
1000,400,136.330272
1000,400,127.202511
1000,400,136.116811
1000,400,132.043199
1000,400,135.388845
1000,400,137.033788
1000,400,132.556468
1000,400,141.158647
1000,400,135.428787
1000,400,133.188489
1000,400,134.310183
1000,400,137.261328
1000,400,129.592287
1000,400,131.174343
1000,400,143.657900
1000,400,137.718783
1000,400,137.707685
1000,400,143.010936
1000,400,131.112083
1000,400,141.407337
1000,400,133.471158
1000,400,133.755628
1000,400,138.408263
1000,400,142.919601
1000,400,133.427741
1000,400,133.415196
1000,400,135.637203
1000,400,134.143197
1000,400,140.467926
1000,400,137.854904
1000,400,137.477882
1000,400,134.705398
1000,400,145.137591
1000,400,137.691319
1000,400,134.585667
1000,400,125.061535
1000,400,138.199037
1000,400,147.505876
1000,400,129.821511
1000,400,132.922617
1000,400,123.038322
1000,400,135.866885
1000,400,135.872863
1000,400,136.793355
1000,400,141.550811
1000,400,137.277979
1000,400,139.981103
1000,400,137.292911
1000,400,142.207249
1000,400,136.744582
1000,400,130.463029
1000,400,131.360335
1000,400,137.422507
1000,400,134.563487
1000,400,137.174062
1000,400,134.151932
1000,400,137.464612
1000,400,127.314821
1000,400,133.130828
1000,400,129.194154
1000,400,139.700999
1000,400,130.870940
1000,400,133.789013
1000,400,140.483658
1000,400,133.277856
1000,400,145.366981
1000,400,133.947209
1000,400,136.512308
1000,400,138.732888
1000,400,133.790471
1000,400,126.708120
1000,400,123.853417
1000,400,137.567228
1000,400,126.503058
1000,400,131.031626
1000,400,132.665939
1000,400,133.533276
1000,400,129.520274
1000,400,124.773221
1000,400,140.798755
1000,400,133.245922
1000,400,132.084511
1000,400,130.866492
1000,400,135.287030
1000,400,129.637683
1000,400,133.273838
1000,400,127.612286
1000,400,133.982385
1000,400,140.439892
1000,400,131.099675
1000,400,141.203955
1000,400,148.262028
1000,400,137.372911
1000,400,130.561923
1000,400,131.130627
1000,400,137.254724
1000,400,130.305542
1000,400,130.739628
1000,400,121.240875
1000,400,123.490369
1000,400,143.029223
1000,400,136.500455
1000,400,132.942672
1000,400,136.165594
1000,400,142.373517
1000,400,130.811507
1000,400,137.697828
1000,400,129.858917
1000,400,132.964817
1000,400,130.281519
1000,400,133.377119
1000,400,137.017099
1000,400,136.933785
1000,400,134.457409
1000,400,133.629830
1000,400,134.206966
1000,400,136.960710
1000,400,131.097922
1000,400,134.776617
1000,400,134.252796
1000,400,139.191240
1000,400,130.720723
1000,400,132.182434
1000,400,132.909093
1000,400,134.314639
1000,400,135.892650
1000,400,129.137644
1000,400,126.867227
1000,400,126.893289
1000,400,130.291392
1000,400,128.785228
1000,400,123.222582
1000,400,131.407244
1000,400,132.384867
1000,400,135.640654
1000,400,134.768777
1000,400,139.451183
1000,400,142.115726
1000,400,136.677997
1000,400,137.320611
1000,400,134.255638
1000,400,128.604171
1000,400,136.964680
1000,400,135.924995
1000,400,133.615051
1000,400,133.608218
1000,400,129.597368
1000,400,135.291430
1000,400,127.721633
1000,400,133.630806
1000,400,132.375209
1000,400,134.195242
1000,400,131.921809
1000,400,131.390868
1000,400,140.692948
1000,400,132.480957
1000,400,137.236479
1000,400,126.094476
1000,400,123.374174
1000,400,135.052549
1000,400,134.814273
1000,400,125.866243
1000,400,140.747072
1000,400,137.609200
1000,400,133.771669
1000,400,133.948418
1000,400,124.229761
1000,400,135.601127
1000,400,143.078481
1000,400,129.629534
1000,400,134.268955
1000,400,128.855324
1000,400,135.191038
1000,400,129.450081
1000,400,127.755982
1000,400,129.789787
1000,400,134.847033
1000,400,137.095247
1000,400,128.451126
1000,400,134.450779
1000,400,132.141184
1000,400,124.418469
1000,400,122.966447
1000,400,126.526861
1000,400,133.647282
1000,400,139.312611
1000,400,136.268347
1000,400,129.181588
1000,400,125.967207
1000,400,140.707600
1000,400,128.889223
1000,400,130.528406
1000,400,125.877197
1000,400,139.026713
1000,400,131.784457
1000,400,129.086491
1000,400,135.958777
1000,400,127.401253
1000,400,140.345864
1000,400,135.204203
1000,400,130.006601
1000,400,126.952309
1000,400,139.293487
1000,400,137.106941
1000,400,127.480871
1000,400,130.183069
1000,400,138.385182
1000,400,130.983189
1000,400,128.666111
1000,400,131.225070
1000,400,139.117206
1000,400,127.031527
1000,400,134.534098
1000,400,138.279539
1000,400,133.631447
1000,400,131.055084
1000,400,131.784088
1000,400,131.749194
1000,400,131.511247
1000,400,123.635505
1000,400,130.528534
1000,400,128.988411
1000,400,125.024349
1000,400,126.992337
1000,400,131.624500
1000,400,135.252109
1000,400,136.958680
1000,400,124.413120
1000,400,131.155917
1000,400,127.656000
1000,400,126.649351
1000,400,128.839854
1000,400,129.808470
1000,400,127.224678
1000,400,131.789865
1000,400,130.636351
1000,400,124.035068
1000,400,129.139202
1000,400,130.085576
1000,400,127.843153
1000,400,137.688482
1000,400,131.644259
1000,400,141.228319
1000,400,123.502423
1000,400,129.182137
1000,400,127.046289
1000,400,126.549912
1000,400,135.519586
1000,400,128.206373
1000,400,131.809401
1000,400,131.123449
1000,400,135.154503
1000,400,136.292088
1000,400,130.488252
1000,400,119.828622
1000,400,136.770340
1000,400,129.713101
1000,400,136.018891
1000,400,133.945570
1000,400,136.843521
1000,400,126.071756
1000,400,131.580334
1000,400,133.976144
1000,400,123.075571
1000,400,129.235136
1000,400,134.117913
1000,400,125.424473
1000,400,136.471741
1000,400,138.666161
1000,400,137.912465
1000,400,133.432746
1000,400,135.594033
1000,400,137.205950
1000,400,133.300185
1000,400,134.129945
1000,400,134.945315
1000,400,133.317843
1000,400,141.707015
1000,400,123.724256
1000,400,135.477218
1000,400,138.401438
1000,400,141.225093
1000,400,136.362635
1000,400,134.698784
1000,400,139.010704
1000,400,140.871964
1000,400,134.049100
1000,400,147.320982
1000,400,146.093984
1000,400,129.893037
1000,400,145.029197
1000,400,138.939073
1000,400,129.558932
1000,400,135.059708
1000,400,135.076144
1000,400,135.039286
1000,400,139.828874
1000,400,129.693742
1000,400,137.164307
1000,400,135.555560
1000,400,134.063857
1000,400,135.550077
1000,400,132.774653
1000,400,137.871447
1000,400,139.014711
1000,400,133.580304
1000,400,141.386147
1000,400,141.605154
1000,400,135.021689
1000,400,142.671889
1000,400,137.921581
1000,400,135.708295
1000,400,130.097104
1000,400,133.999757
1000,400,136.883333
1000,400,135.524686
1000,400,141.704896
1000,400,140.138101
1000,400,135.295440
1000,400,131.876473
1000,400,136.674436
1000,400,141.651451
1000,400,128.348762
1000,400,135.297001
1000,400,129.100332
1000,400,134.517391
1000,400,136.986797
1000,400,129.698338
1000,400,139.013982
1000,400,135.215828
1000,400,131.198416
1000,400,137.064597
1000,400,135.800275
1000,400,128.987114
1000,400,142.324341
1000,400,135.343143
1000,400,137.272093
1000,400,133.955020
1000,400,138.317584
1000,400,133.993054
1000,400,131.070458
1000,400,138.218083
1000,400,133.471884
1000,400,134.634642
1000,400,130.470481
1000,400,125.912365
1000,400,133.261779
1000,500,44.118746
1000,500,46.488257
1000,500,45.934870
1000,500,44.462679
1000,500,48.308909
1000,500,50.509313
1000,500,45.662338
1000,500,44.895800
1000,500,47.199848
1000,500,49.172300
1000,500,46.658939
1000,500,46.222076
1000,500,48.885806
1000,500,45.838499
1000,500,45.979964
1000,500,47.397279
1000,500,47.150663
1000,500,46.224951
1000,500,51.782894
1000,500,45.254600
1000,500,47.093727
1000,500,46.003217
1000,500,48.087938
1000,500,47.740771
1000,500,48.993316
1000,500,47.944231
1000,500,46.888400
1000,500,49.025160
1000,500,46.287664
1000,500,46.627815
1000,500,48.058374
1000,500,45.723539
1000,500,47.875250
1000,500,47.387782
1000,500,47.723467
1000,500,45.296720
1000,500,43.713295
1000,500,46.695072
1000,500,48.790561
1000,500,46.256737
1000,500,46.221876
1000,500,47.082794
1000,500,50.179338
1000,500,46.934113
1000,500,46.328453
1000,500,48.302123
1000,500,45.818910
1000,500,49.478792
1000,500,42.760726
1000,500,46.721108
1000,500,47.220518
1000,500,44.270882
1000,500,46.785660
1000,500,40.852429
1000,500,44.591559
1000,500,45.598873
1000,500,46.327381
1000,500,45.043683
1000,500,47.185358
1000,500,43.325089
1000,500,50.784662
1000,500,43.979141
1000,500,41.301749
1000,500,45.865573
1000,500,45.608742
1000,500,45.182577
1000,500,45.529321
1000,500,48.576077
1000,500,47.878752
1000,500,45.805382
1000,500,47.392472
1000,500,45.501734
1000,500,44.944471
1000,500,47.304586
1000,500,46.596122
1000,500,48.885224
1000,500,47.373487
1000,500,45.827244
1000,500,49.631053
1000,500,47.556241
1000,500,49.548775
1000,500,49.296647
1000,500,44.911001
1000,500,49.304056
1000,500,47.169405
1000,500,48.805220
1000,500,49.098353
1000,500,48.740831
1000,500,44.802835
1000,500,47.755532
1000,500,47.365428
1000,500,48.103499
1000,500,50.672973
1000,500,46.757641
1000,500,47.172432
1000,500,47.996159
1000,500,45.891024
1000,500,46.904755
1000,500,46.688617
1000,500,48.508127
1000,500,47.369041
1000,500,47.093922
1000,500,48.456512
1000,500,48.017132
1000,500,51.304858
1000,500,44.354139
1000,500,48.070764
1000,500,45.242022
1000,500,46.066203
1000,500,47.359005
1000,500,44.711565
1000,500,47.867295
1000,500,47.309832
1000,500,48.358543
1000,500,46.225656
1000,500,42.708575
1000,500,49.508978
1000,500,44.633489
1000,500,46.571682
1000,500,46.278049
1000,500,48.977398
1000,500,45.035062
1000,500,46.313953
1000,500,45.697839
1000,500,48.001340
1000,500,44.862246
1000,500,48.100107
1000,500,46.930598
1000,500,45.491398
1000,500,49.413672
1000,500,47.555700
1000,500,46.654763
1000,500,46.798093
1000,500,48.398545
1000,500,47.095015
1000,500,43.617684
1000,500,45.589710
1000,500,46.292416
1000,500,46.982640
1000,500,45.994621
1000,500,47.277419
1000,500,46.549745
1000,500,46.284491
1000,500,49.223219
1000,500,45.692211
1000,500,50.618152
1000,500,46.801515
1000,500,46.314331
1000,500,43.615888
1000,500,43.715930
1000,500,46.008741
1000,500,50.095493
1000,500,47.182496
1000,500,46.584818
1000,500,45.977619
1000,500,47.308675
1000,500,49.830251
1000,500,47.179163
1000,500,46.709003
1000,500,48.305231
1000,500,43.025609
1000,500,46.223399
1000,500,47.142902
1000,500,48.120901
1000,500,47.222950
1000,500,47.629546
1000,500,47.320794
1000,500,45.628614
1000,500,42.797767
1000,500,45.298472
1000,500,45.566072
1000,500,44.981193
1000,500,49.094354
1000,500,48.308520
1000,500,48.011997
1000,500,43.950637
1000,500,47.300028
1000,500,47.642611
1000,500,44.057386
1000,500,45.285865
1000,500,47.812882
1000,500,44.198647
1000,500,45.876522
1000,500,47.161904
1000,500,47.580603
1000,500,47.141192
1000,500,48.467342
1000,500,48.028864
1000,500,44.689635
1000,500,46.831995
1000,500,43.373326
1000,500,46.681857
1000,500,48.339282
1000,500,47.932410
1000,500,42.306110
1000,500,42.748025
1000,500,44.865793
1000,500,49.534037
1000,500,43.659809
1000,500,45.993070
1000,500,44.213459
1000,500,48.182306
1000,500,46.392935
1000,500,44.129125
1000,500,46.885680
1000,500,47.154713
1000,500,44.227460
1000,500,46.250978
1000,500,44.778437
1000,500,42.041122
1000,500,47.086521
1000,500,44.819967
1000,500,46.436141
1000,500,43.245495
1000,500,46.256112
1000,500,46.163569
1000,500,43.947763
1000,500,47.909442
1000,500,42.859683
1000,500,44.325703
1000,500,45.151666
1000,500,48.762913
1000,500,42.375249
1000,500,45.572901
1000,500,46.004724
1000,500,46.235230
1000,500,47.806469
1000,500,46.178133
1000,500,48.480489
1000,500,46.612823
1000,500,41.430883
1000,500,45.188074
1000,500,46.114109
1000,500,45.678427
1000,500,44.709072
1000,500,46.705446
1000,500,47.149795
1000,500,46.708101
1000,500,44.426560
1000,500,47.131860
1000,500,43.396726
1000,500,47.442966
1000,500,45.566564
1000,500,45.968509
1000,500,46.110769
1000,500,44.804403
1000,500,45.114673
1000,500,44.798184
1000,500,47.001214
1000,500,44.398249
1000,500,42.774786
1000,500,45.242261
1000,500,43.029349
1000,500,46.143751
1000,500,42.972616
1000,500,45.538426
1000,500,45.348246
1000,500,45.777078
1000,500,42.757201
1000,500,46.129881
1000,500,47.824829
1000,500,44.810630
1000,500,46.079687
1000,500,43.411759
1000,500,44.499482
1000,500,44.770571
1000,500,44.303502
1000,500,45.305403
1000,500,44.713136
1000,500,44.118704
1000,500,44.894544
1000,500,43.729901
1000,500,42.556370
1000,500,43.614547
1000,500,45.233995
1000,500,43.178935
1000,500,46.600337
1000,500,43.317852
1000,500,45.478984
1000,500,42.987689
1000,500,45.958437
1000,500,47.162116
1000,500,44.844920
1000,500,43.555520
1000,500,45.185192
1000,500,46.011438
1000,500,45.992125
1000,500,45.090439
1000,500,40.886211
1000,500,41.462759
1000,500,42.883933
1000,500,43.864382
1000,500,44.096988
1000,500,46.686544
1000,500,45.669789
1000,500,41.757903
1000,500,41.931862
1000,500,44.798421
1000,500,45.684909
1000,500,46.211609
1000,500,43.141826
1000,500,47.397444
1000,500,46.348788
1000,500,44.532949
1000,500,44.414729
1000,500,46.139306
1000,500,42.285652
1000,500,46.245743
1000,500,44.111070
1000,500,44.905398
1000,500,45.206668
1000,500,45.318906
1000,500,46.781733
1000,500,43.730728
1000,500,45.000383
1000,500,44.323796
1000,500,44.087413
1000,500,42.554291
1000,500,46.736669
1000,500,44.105547
1000,500,45.210003
1000,500,48.672976
1000,500,45.795042
1000,500,47.628019
1000,500,49.133879
1000,500,45.595495
1000,500,49.179432
1000,500,47.417334
1000,500,48.862680
1000,500,51.648624
1000,500,44.642609
1000,500,47.598871
1000,500,47.699278
1000,500,46.835045
1000,500,50.764800
1000,500,48.804965
1000,500,50.584700
1000,500,48.523623
1000,500,47.272227
1000,500,49.232157
1000,500,50.169095
1000,500,48.463844
1000,500,49.064163
1000,500,50.428732
1000,500,50.079721
1000,500,47.949393
1000,500,48.172940
1000,500,44.867535
1000,500,46.256460
1000,500,48.887860
1000,500,46.211403
1000,500,47.803582
1000,500,45.689542
1000,500,43.579475
1000,500,44.483295
1000,500,49.552587
1000,500,48.438468
1000,500,49.277159
1000,500,46.143055
1000,500,50.374206
1000,500,47.398627
1000,500,48.734117
1000,500,47.720154
1000,500,47.240323
1000,500,50.966189
1000,500,46.937167
1000,500,46.769833
1000,500,48.567518
1000,500,46.883726
1000,500,47.654712
1000,500,46.817408
1000,500,49.049396
1000,500,46.044624
1000,500,46.185934
1000,500,46.519780
1000,500,47.703158
1000,500,46.558481
1000,500,48.869564
1000,500,46.535203
1000,500,47.146832
1000,500,46.989515
1000,500,48.927584
1000,500,48.491717
1000,500,45.650267
1000,500,44.768205
1000,500,45.808027
1000,500,48.037690
1000,500,49.489224
1000,500,46.645413
1000,500,45.960205
1000,500,48.133108
1000,500,45.138547
1000,500,46.284434
1000,500,45.572279
1000,500,50.150430
1000,500,48.652547
1000,500,48.434197
1000,500,45.640068
1000,500,47.328155
1000,500,47.193863
1500,100,106.481383
1500,100,98.494883
1500,100,92.703036
1500,100,98.761556
1500,100,105.515023
1500,100,106.950017
1500,100,97.854458
1500,100,96.803170
1500,100,104.458215
1500,100,96.488303
1500,100,102.905733
1500,100,102.230784
1500,100,103.430648
1500,100,102.118010
1500,100,103.054520
1500,100,104.072182
1500,100,101.445363
1500,100,101.248968
1500,100,106.054007
1500,100,104.651136
1500,100,98.451997
1500,100,108.072456
1500,100,96.402415
1500,100,98.553342
1500,100,97.958348
1500,100,97.421674
1500,100,102.223698
1500,100,101.412869
1500,100,99.412105
1500,100,104.279675
1500,100,101.398941
1500,100,97.260090
1500,100,94.772673
1500,100,97.827669
1500,100,96.485529
1500,100,98.042072
1500,100,108.457463
1500,100,102.359751
1500,100,98.847827
1500,100,96.924878
1500,100,101.588492
1500,100,94.286601
1500,100,100.851955
1500,100,99.621272
1500,100,100.821347
1500,100,94.109995
1500,100,96.885053
1500,100,104.010693
1500,100,98.912306
1500,100,94.979795
1500,100,100.353679
1500,100,98.474637
1500,100,100.395216
1500,100,98.772161
1500,100,101.922949
1500,100,91.701710
1500,100,90.285433
1500,100,93.952336
1500,100,95.652074
1500,100,93.228422
1500,100,98.121027
1500,100,99.248469
1500,100,100.812934
1500,100,98.847118
1500,100,100.367264
1500,100,100.833677
1500,100,103.835340
1500,100,97.701318
1500,100,95.438607
1500,100,100.188633
1500,100,100.607640
1500,100,98.829500
1500,100,95.042152
1500,100,95.754461
1500,100,102.490774
1500,100,94.295255
1500,100,106.095976
1500,100,99.229594
1500,100,105.726766
1500,100,99.211725
1500,100,100.692243
1500,100,96.995639
1500,100,99.509307
1500,100,92.730250
1500,100,99.440817
1500,100,93.811865
1500,100,98.952163
1500,100,98.534690
1500,100,100.409859
1500,100,99.630474
1500,100,101.477948
1500,100,104.639404
1500,100,99.046092
1500,100,96.155452
1500,100,97.964041
1500,100,98.507308
1500,100,92.859981
1500,100,98.650036
1500,100,98.190144
1500,100,96.797425
1500,100,98.567553
1500,100,95.160738
1500,100,105.892500
1500,100,101.046361
1500,100,98.474591
1500,100,97.445181
1500,100,95.426929
1500,100,96.219958
1500,100,99.352731
1500,100,93.993220
1500,100,96.805853
1500,100,100.456003
1500,100,98.930719
1500,100,98.033442
1500,100,96.741916
1500,100,98.586823
1500,100,95.301226
1500,100,103.107646
1500,100,102.660015
1500,100,92.355963
1500,100,91.001023
1500,100,92.885846
1500,100,95.900330
1500,100,103.739758
1500,100,98.568521
1500,100,97.689464
1500,100,91.663381
1500,100,93.729483
1500,100,99.037321
1500,100,94.757522
1500,100,97.301471
1500,100,93.261416
1500,100,95.148188
1500,100,93.535918
1500,100,95.178593
1500,100,99.495024
1500,100,95.515598
1500,100,96.364559
1500,100,93.362033
1500,100,96.162096
1500,100,95.594485
1500,100,99.096286
1500,100,96.358489
1500,100,100.637441
1500,100,92.602012
1500,100,98.377014
1500,100,94.605425
1500,100,98.056444
1500,100,98.710342
1500,100,100.955171
1500,100,101.932213
1500,100,94.943081
1500,100,89.716746
1500,100,99.520171
1500,100,94.778461
1500,100,94.009524
1500,100,99.795551
1500,100,96.449284
1500,100,97.758752
1500,100,96.259402
1500,100,96.962257
1500,100,100.354963
1500,100,97.513287
1500,100,92.788521
1500,100,98.830622
1500,100,96.018112
1500,100,90.626900
1500,100,90.147699
1500,100,98.643269
1500,100,103.271002
1500,100,99.268735
1500,100,94.620595
1500,100,94.065165
1500,100,98.546712
1500,100,91.653761
1500,100,95.109329
1500,100,97.431758
1500,100,95.356157
1500,100,98.690506
1500,100,95.402564
1500,100,98.629704
1500,100,102.152339
1500,100,96.892279
1500,100,92.656782
1500,100,93.923000
1500,100,94.245810
1500,100,99.709778
1500,100,96.467772
1500,100,98.149238
1500,100,92.412479
1500,100,91.401412
1500,100,102.625269
1500,100,92.433536
1500,100,91.508388
1500,100,91.795122
1500,100,96.461161
1500,100,92.374601
1500,100,95.215273
1500,100,96.238392
1500,100,89.462740
1500,100,91.876831
1500,100,99.220909
1500,100,95.036949
1500,100,94.983344
1500,100,91.417703
1500,100,100.297734
1500,100,93.109847
1500,100,91.423439
1500,100,90.556859
1500,100,95.307390
1500,100,90.761068
1500,100,94.744994
1500,100,93.617486
1500,100,92.387889
1500,100,92.971874
1500,100,92.967898
1500,100,91.999280
1500,100,94.159968
1500,100,91.516363
1500,100,94.116532
1500,100,102.754510
1500,100,95.212957
1500,100,92.905627
1500,100,90.516594
1500,100,97.164600
1500,100,95.344728
1500,100,93.120260
1500,100,90.113564
1500,100,94.008761
1500,100,95.388102
1500,100,97.406860
1500,100,93.796492
1500,100,100.882821
1500,100,95.434461
1500,100,92.868740
1500,100,93.971642
1500,100,99.003881
1500,100,90.158898
1500,100,95.357224
1500,100,96.879472
1500,100,96.353270
1500,100,102.054523
1500,100,107.774214
1500,100,101.312457
1500,100,98.391955
1500,100,102.280387
1500,100,104.804702
1500,100,102.950323
1500,100,101.903296
1500,100,107.649816
1500,100,101.175930
1500,100,99.632341
1500,100,103.689504
1500,100,101.151231
1500,100,106.140058
1500,100,102.977198
1500,100,102.574492
1500,100,107.016100
1500,100,105.229349
1500,100,103.736552
1500,100,95.732300
1500,100,108.613149
1500,100,102.206136
1500,100,103.344926
1500,100,100.955354
1500,100,96.764705
1500,100,101.756395
1500,100,104.404798
1500,100,96.988154
1500,100,98.631052
1500,100,101.244322
1500,100,103.193901
1500,100,104.941149
1500,100,103.855629
1500,100,105.880002
1500,100,106.476193
1500,100,102.827057
1500,100,102.034571
1500,100,108.264960
1500,100,101.102836
1500,100,98.349971
1500,100,100.946064
1500,100,103.431387
1500,100,109.206309
1500,100,102.388758
1500,100,97.093837
1500,100,104.226003
1500,100,97.315257
1500,100,102.624828
1500,100,107.022428
1500,100,101.988595
1500,100,103.233534
1500,100,101.617465
1500,100,102.320034
1500,100,94.949325
1500,100,99.705825
1500,100,97.734535
1500,100,107.595594
1500,100,105.069620
1500,100,98.387060
1500,100,100.923392
1500,100,104.906965
1500,100,100.908543
1500,100,104.346299
1500,100,100.494468
1500,100,99.384285
1500,100,102.879018
1500,100,95.621453
1500,100,100.772459
1500,100,106.390048
1500,100,97.081335
1500,100,98.404351
1500,100,103.267178
1500,100,102.467417
1500,100,103.550149
1500,100,104.286977
1500,100,98.194716
1500,100,97.737046
1500,100,98.452180
1500,100,101.039226
1500,100,99.803509
1500,100,93.656443
1500,100,102.392428
1500,100,99.403299
1500,100,96.712743
1500,100,97.673603
1500,100,103.793629
1500,100,98.856308
1500,100,94.253447
1500,100,96.300142
1500,100,96.636977
1500,100,98.256514
1500,100,98.198122
1500,100,104.181033
1500,100,98.580350
1500,100,101.795036
1500,100,96.067639
1500,100,98.868273
1500,100,104.563187
1500,100,97.990449
1500,100,102.741247
1500,100,102.083769
1500,100,98.691735
1500,100,102.129677
1500,100,101.395881
1500,100,100.283559
1500,100,96.228905
1500,100,97.200551
1500,100,97.624371
1500,100,102.730157
1500,100,101.016328
1500,100,103.220029
1500,100,101.016509
1500,100,100.211328
1500,100,96.374138
1500,100,103.249013
1500,100,97.528208
1500,100,100.176432
1500,100,96.215732
1500,100,100.316830
1500,100,102.210012
1500,100,95.215599
1500,100,97.108290
1500,100,95.747525
1500,100,93.504216
1500,100,94.960342
1500,100,98.928067
1500,100,99.528037
1500,100,95.208886
1500,100,94.917128
1500,100,95.993073
1500,100,96.601556
1500,100,100.419865
1500,100,99.230789
1500,100,97.781371
1500,100,101.914118
1500,100,97.480379
1500,100,99.541947
1500,100,97.383848
1500,100,98.550848
1500,100,101.272783
1500,100,96.094332
1500,100,97.087075
1500,100,90.705993
1500,100,102.587370
1500,100,101.091669
1500,100,99.240383
1500,100,99.269997
1500,100,95.963893
1500,100,97.843475
1500,100,104.479248
1500,100,98.542152
1500,100,98.088917
1500,100,99.199024
1500,100,97.488993
1500,100,99.529684
1500,100,99.551444
1500,100,101.776180
1500,100,95.339374
1500,100,96.874259
1500,200,72.092964
1500,200,73.940858
1500,200,74.720628
1500,200,72.403861
1500,200,76.446004
1500,200,79.507452
1500,200,75.304898
1500,200,75.730599
1500,200,73.054148
1500,200,73.215800
1500,200,76.263601
1500,200,75.316184
1500,200,80.041983
1500,200,75.994680
1500,200,77.146476
1500,200,74.597079
1500,200,72.981832
1500,200,77.599554
1500,200,73.711948
1500,200,78.273032
1500,200,73.479085
1500,200,80.064788
1500,200,77.933322
1500,200,79.541623
1500,200,73.359940
1500,200,73.901202
1500,200,74.112256
1500,200,74.332037
1500,200,80.802060
1500,200,70.481927
1500,200,71.310620
1500,200,74.328635
1500,200,72.957377
1500,200,70.063923
1500,200,75.140941
1500,200,77.640552
1500,200,73.783875
1500,200,74.348951
1500,200,75.729626
1500,200,76.672314
1500,200,75.756834
1500,200,76.205456
1500,200,77.413355
1500,200,74.071569
1500,200,72.994525
1500,200,76.365249
1500,200,75.286240
1500,200,77.860210
1500,200,74.513620
1500,200,73.946025
1500,200,75.428779
1500,200,73.129177
1500,200,70.939605
1500,200,73.757121
1500,200,71.822688
1500,200,68.047340
1500,200,71.940148
1500,200,73.932658
1500,200,74.789297
1500,200,73.809941
1500,200,76.808986
1500,200,71.907312
1500,200,73.959062
1500,200,75.498193
1500,200,70.964503
1500,200,73.518591
1500,200,74.805352
1500,200,66.245634
1500,200,74.190270
1500,200,72.377219
1500,200,71.361638
1500,200,68.431005
1500,200,74.647729
1500,200,75.856931
1500,200,77.542764
1500,200,70.555954
1500,200,77.525783
1500,200,73.455634
1500,200,78.795368
1500,200,76.718169
1500,200,74.515618
1500,200,75.569071
1500,200,76.278694
1500,200,79.226281
1500,200,76.086428
1500,200,78.943512
1500,200,78.812767
1500,200,77.316098
1500,200,73.935425
1500,200,74.813215
1500,200,75.319610
1500,200,77.522693
1500,200,77.309570
1500,200,75.098371
1500,200,82.342023
1500,200,76.843944
1500,200,77.139147
1500,200,74.031528
1500,200,80.287060
1500,200,79.181985
1500,200,79.982893
1500,200,76.825829
1500,200,76.615904
1500,200,81.432137
1500,200,76.738650
1500,200,75.847151
1500,200,75.125717
1500,200,74.848470
1500,200,76.854121
1500,200,73.328169
1500,200,76.743998
1500,200,77.596431
1500,200,69.786519
1500,200,80.294770
1500,200,75.051723
1500,200,75.581945
1500,200,77.703544
1500,200,73.590373
1500,200,77.058305
1500,200,78.239470
1500,200,74.762283
1500,200,76.901023
1500,200,75.662062
1500,200,77.377819
1500,200,73.739144
1500,200,77.723638
1500,200,74.357848
1500,200,75.243422
1500,200,76.063787
1500,200,69.330114
1500,200,77.767664
1500,200,75.008688
1500,200,74.332040
1500,200,76.886103
1500,200,71.449154
1500,200,72.071061
1500,200,74.631103
1500,200,75.320391
1500,200,78.874694
1500,200,75.093697
1500,200,74.775075
1500,200,75.745483
1500,200,74.014330
1500,200,75.657891
1500,200,73.484860
1500,200,75.825843
1500,200,75.597515
1500,200,75.506651
1500,200,71.630837
1500,200,76.188650
1500,200,76.465778
1500,200,77.209030
1500,200,72.422483
1500,200,76.476253
1500,200,74.281963
1500,200,72.618217
1500,200,74.939732
1500,200,75.334478
1500,200,81.814671
1500,200,75.965351
1500,200,73.456066
1500,200,75.129402
1500,200,73.987187
1500,200,77.741579
1500,200,79.281896
1500,200,76.944689
1500,200,73.305931
1500,200,74.991509
1500,200,71.489875
1500,200,69.340448
1500,200,76.860781
1500,200,75.066018
1500,200,78.366008
1500,200,75.829869
1500,200,76.251845
1500,200,76.427945
1500,200,79.463036
1500,200,74.110681
1500,200,72.845875
1500,200,74.651608
1500,200,74.204028
1500,200,76.649660
1500,200,72.195906
1500,200,68.006170
1500,200,69.844631
1500,200,74.521490
1500,200,77.453344
1500,200,73.493533
1500,200,72.479768
1500,200,74.325273
1500,200,79.031818
1500,200,76.211192
1500,200,74.318199
1500,200,73.612376
1500,200,76.391066
1500,200,73.452583
1500,200,76.829038
1500,200,76.149171
1500,200,79.875158
1500,200,70.114472
1500,200,78.671419
1500,200,68.865717
1500,200,72.503000
1500,200,74.597054
1500,200,77.106775
1500,200,69.463884
1500,200,73.119092
1500,200,76.225220
1500,200,77.132305
1500,200,71.177804
1500,200,74.861008
1500,200,71.378212
1500,200,77.105589
1500,200,72.475643
1500,200,75.345972
1500,200,75.795873
1500,200,79.109155
1500,200,75.011725
1500,200,74.703110
1500,200,70.546467
1500,200,72.813860
1500,200,75.507836
1500,200,75.580746
1500,200,71.524453
1500,200,72.307324
1500,200,72.864375
1500,200,77.108811
1500,200,73.115946
1500,200,76.304234
1500,200,72.981556
1500,200,71.173702
1500,200,75.522376
1500,200,74.949613
1500,200,75.080337
1500,200,71.859670
1500,200,75.847154
1500,200,75.008300
1500,200,75.593770
1500,200,77.287633
1500,200,74.225632
1500,200,72.434256
1500,200,67.756998
1500,200,75.635922
1500,200,69.550217
1500,200,72.441219
1500,200,66.862985
1500,200,70.370447
1500,200,71.963723
1500,200,73.832656
1500,200,70.428449
1500,200,67.891324
1500,200,73.858974
1500,200,70.409642
1500,200,68.597577
1500,200,71.773729
1500,200,71.466785
1500,200,74.865802
1500,200,67.714845
1500,200,72.981127
1500,200,68.849548
1500,200,67.020828
1500,200,71.941883
1500,200,68.464709
1500,200,71.970552
1500,200,68.128889
1500,200,71.166954
1500,200,68.773488
1500,200,70.103608
1500,200,67.740026
1500,200,69.270662
1500,200,69.601087
1500,200,71.593918
1500,200,72.836838
1500,200,69.681387
1500,200,72.779335
1500,200,68.739314
1500,200,71.720170
1500,200,67.126979
1500,200,71.931711
1500,200,67.945316
1500,200,68.761746
1500,200,69.326758
1500,200,69.384224
1500,200,69.553819
1500,200,67.937444
1500,200,70.120967
1500,200,71.189055
1500,200,70.122016
1500,200,69.423136
1500,200,70.298073
1500,200,68.380218
1500,200,72.782632
1500,200,66.199732
1500,200,66.088285
1500,200,66.520824
1500,200,67.861524
1500,200,67.137671
1500,200,68.568301
1500,200,70.244392
1500,200,66.795996
1500,200,69.018139
1500,200,70.937481
1500,200,67.368583
1500,200,69.894749
1500,200,72.506381
1500,200,70.206476
1500,200,70.723773
1500,200,68.238173
1500,200,69.444900
1500,200,68.177671
1500,200,67.650131
1500,200,71.103772
1500,200,66.705090
1500,200,70.251528
1500,200,70.786140
1500,200,67.785184
1500,200,74.421931
1500,200,67.632541
1500,200,74.313699
1500,200,71.924094
1500,200,67.964645
1500,200,70.112603
1500,200,66.233999
1500,200,73.098019
1500,200,72.250854
1500,200,73.501566
1500,200,68.032349
1500,200,70.885697
1500,200,71.755865
1500,200,68.249942
1500,200,73.093617
1500,200,69.308123
1500,200,72.413698
1500,200,69.822515
1500,200,70.633981
1500,200,74.629517
1500,200,69.746153
1500,200,71.080401
1500,200,73.305213
1500,200,72.798948
1500,200,72.442851
1500,200,69.445885
1500,200,75.211854
1500,200,71.682785
1500,200,73.673422
1500,200,71.309238
1500,200,71.096525
1500,200,69.089080
1500,200,71.289555
1500,200,67.378430
1500,200,74.187100
1500,200,70.174612
1500,200,69.739815
1500,200,69.389197
1500,200,68.775143
1500,200,68.157273
1500,200,71.470144
1500,200,71.699681
1500,200,69.052290
1500,200,70.606077
1500,200,72.563584
1500,200,70.696070
1500,200,68.973663
1500,200,70.495443
1500,200,69.145912
1500,200,67.999873
1500,200,68.629453
1500,200,72.105709
1500,200,71.537496
1500,200,70.816928
1500,200,68.906854
1500,200,67.242615
1500,200,70.053157
1500,200,74.108486
1500,200,69.732405
1500,200,72.369235
1500,200,69.896617
1500,200,72.340934
1500,200,71.522902
1500,200,69.239786
1500,200,67.110459
1500,200,70.352929
1500,200,72.114394
1500,200,68.707533
1500,200,71.149871
1500,200,71.018335
1500,200,66.693416
1500,200,70.188635
1500,200,71.522182
1500,200,68.205384
1500,200,68.375272
1500,200,73.393346
1500,200,71.178206
1500,200,70.302074
1500,200,70.818172
1500,200,72.819984
1500,200,71.715362
1500,200,73.818409
1500,200,72.117054
1500,200,69.594043
1500,300,99.562545
1500,300,94.324302
1500,300,98.849691
1500,300,89.966819
1500,300,101.778245
1500,300,98.501722
1500,300,93.247588
1500,300,99.225340
1500,300,98.718132
1500,300,96.001174
1500,300,95.956672
1500,300,93.058868
1500,300,96.570591
1500,300,101.712091
1500,300,94.874733
1500,300,96.287711
1500,300,101.795766
1500,300,99.564920
1500,300,99.278296
1500,300,93.656131
1500,300,102.426872
1500,300,99.488748
1500,300,93.027862
1500,300,96.660204
1500,300,95.634370
1500,300,98.389539
1500,300,98.664961
1500,300,99.691812
1500,300,89.963203
1500,300,94.825248
1500,300,100.688194
1500,300,95.529494
1500,300,93.168185
1500,300,100.386605
1500,300,93.544418
1500,300,96.697409
1500,300,100.122071
1500,300,93.893829
1500,300,98.609832
1500,300,95.507377
1500,300,99.312859
1500,300,106.962004
1500,300,95.569024
1500,300,97.937282
1500,300,101.038787
1500,300,97.751507
1500,300,95.881705
1500,300,92.708402
1500,300,101.996120
1500,300,94.828680
1500,300,92.766742
1500,300,93.969333
1500,300,99.667654
1500,300,100.054169
1500,300,88.605889
1500,300,96.110700
1500,300,88.031316
1500,300,93.792006
1500,300,96.260079
1500,300,91.034638
1500,300,91.343443
1500,300,89.604770
1500,300,93.198488
1500,300,95.125123
1500,300,96.144212
1500,300,98.485198
1500,300,98.553403
1500,300,93.045577
1500,300,91.812506
1500,300,96.144564
1500,300,91.820841
1500,300,94.879405
1500,300,94.251864
1500,300,97.370226
1500,300,95.462472
1500,300,93.110294
1500,300,94.076222
1500,300,100.089709
1500,300,100.017655
1500,300,94.925080
1500,300,99.293745
1500,300,94.297086
1500,300,99.381648
1500,300,98.136308
1500,300,95.455261
1500,300,98.889915
1500,300,97.583556
1500,300,92.186483
1500,300,99.187532
1500,300,101.054075
1500,300,99.404842
1500,300,96.117719
1500,300,106.037410
1500,300,103.365487
1500,300,98.374297
1500,300,100.775855
1500,300,101.904594
1500,300,99.810060
1500,300,97.187044
1500,300,98.141435
1500,300,102.883729
1500,300,103.234057
1500,300,100.547989
1500,300,101.324384
1500,300,101.580833
1500,300,99.743181
1500,300,105.542848
1500,300,95.897308
1500,300,103.312211
1500,300,96.057486
1500,300,98.490317
1500,300,97.857668
1500,300,91.391275
1500,300,102.699757
1500,300,96.581130
1500,300,92.877199
1500,300,100.619276
1500,300,103.320685
1500,300,105.131133
1500,300,95.725565
1500,300,101.327761
1500,300,99.503234
1500,300,99.352784
1500,300,96.472895
1500,300,101.301385
1500,300,99.260725
1500,300,100.830020
1500,300,95.432683
1500,300,96.089672
1500,300,94.367512
1500,300,97.393337
1500,300,97.253881
1500,300,96.049680
1500,300,97.200974
1500,300,100.747362
1500,300,95.130760
1500,300,101.628373
1500,300,97.747118
1500,300,104.625329
1500,300,96.790234
1500,300,99.525034
1500,300,97.523528
1500,300,97.383500
1500,300,98.863820
1500,300,94.145549
1500,300,101.831749
1500,300,94.523667
1500,300,93.128353
1500,300,98.640175
1500,300,91.954205
1500,300,103.199772
1500,300,99.062526
1500,300,99.400425
1500,300,105.226190
1500,300,97.773708
1500,300,99.826117
1500,300,104.057362
1500,300,101.035848
1500,300,101.404191
1500,300,95.012620
1500,300,92.712307
1500,300,92.114333
1500,300,93.114358
1500,300,100.736574
1500,300,94.559225
1500,300,95.112995
1500,300,92.421051
1500,300,95.611041
1500,300,90.529791
1500,300,90.900320
1500,300,92.836668
1500,300,91.395225
1500,300,98.952918
1500,300,104.052203
1500,300,91.195707
1500,300,100.442836
1500,300,89.804148
1500,300,94.806725
1500,300,97.296167
1500,300,96.233241
1500,300,92.674363
1500,300,97.427943
1500,300,93.450173
1500,300,92.983084
1500,300,85.633351
1500,300,91.482962
1500,300,93.858532
1500,300,89.449883
1500,300,88.662377
1500,300,87.686338
1500,300,92.340452
1500,300,92.834663
1500,300,92.535544
1500,300,96.042457
1500,300,97.461606
1500,300,92.480690
1500,300,98.261214
1500,300,94.604859
1500,300,97.242320
1500,300,93.311508
1500,300,98.542409
1500,300,89.070110
1500,300,95.905821
1500,300,99.725440
1500,300,94.834290
1500,300,88.107844
1500,300,89.657772
1500,300,91.282202
1500,300,89.493726
1500,300,91.235583
1500,300,88.149220
1500,300,94.062233
1500,300,93.713770
1500,300,91.287381
1500,300,94.014287
1500,300,94.000464
1500,300,91.907222
1500,300,89.754281
1500,300,96.826373
1500,300,94.437192
1500,300,86.875987
1500,300,88.338858
1500,300,92.377193
1500,300,94.656025
1500,300,91.466934
1500,300,93.836077
1500,300,89.186244
1500,300,94.725084
1500,300,95.029785
1500,300,97.081139
1500,300,85.159337
1500,300,87.828776
1500,300,91.799232
1500,300,92.933901
1500,300,91.128150
1500,300,89.607230
1500,300,89.994304
1500,300,91.478530
1500,300,93.477424
1500,300,93.603016
1500,300,96.880987
1500,300,92.072792
1500,300,94.424786
1500,300,98.512515
1500,300,92.678870
1500,300,96.530446
1500,300,86.576225
1500,300,95.429650
1500,300,93.697278
1500,300,89.104767
1500,300,100.400792
1500,300,94.401628
1500,300,92.711818
1500,300,88.603375
1500,300,87.828917
1500,300,92.328084
1500,300,97.930331
1500,300,94.727039
1500,300,98.316988
1500,300,92.038009
1500,300,100.309002
1500,300,94.517241
1500,300,94.526759
1500,300,91.350160
1500,300,97.700969
1500,300,99.497561
1500,300,94.217129
1500,300,95.466105
1500,300,98.244487
1500,300,91.138749
1500,300,96.030957
1500,300,97.117318
1500,300,89.619990
1500,300,96.560366
1500,300,96.574254
1500,300,88.276211
1500,300,95.216707
1500,300,99.868844
1500,300,98.317041
1500,300,93.320091
1500,300,93.794283
1500,300,89.719829
1500,300,90.629569
1500,300,98.455396
1500,300,85.709504
1500,300,91.660311
1500,300,88.335320
1500,300,93.084439
1500,300,92.923618
1500,300,95.386478
1500,300,92.229476
1500,300,93.838548
1500,300,86.112331
1500,300,91.359349
1500,300,88.812515
1500,300,90.513521
1500,300,87.983507
1500,300,93.000425
1500,300,92.968291
1500,300,89.658568
1500,300,97.938671
1500,300,93.188498
1500,300,93.333572
1500,300,95.216066
1500,300,94.305040
1500,300,92.855463
1500,300,89.103059
1500,300,93.195890
1500,300,92.595859
1500,300,92.660526
1500,300,88.354257
1500,300,95.780615
1500,300,89.791935
1500,300,90.821052
1500,300,92.941200
1500,300,93.706422
1500,300,89.577007
1500,300,97.479207
1500,300,93.534530
1500,300,93.314403
1500,300,98.872840
1500,300,100.060883
1500,300,99.759896
1500,300,96.400627
1500,300,95.113341
1500,300,97.129055
1500,300,97.931269
1500,300,93.906800
1500,300,98.569762
1500,300,97.481183
1500,300,100.803335
1500,300,103.382860
1500,300,94.687993
1500,300,95.007702
1500,300,104.851340
1500,300,101.466817
1500,300,104.224122
1500,300,93.138970
1500,300,104.307149
1500,300,97.855520
1500,300,96.122150
1500,300,96.841799
1500,300,100.189963
1500,300,96.147129
1500,300,103.577143
1500,300,97.489142
1500,300,94.207918
1500,300,94.346585
1500,300,94.925682
1500,300,93.010198
1500,300,97.896731
1500,300,94.309632
1500,300,93.344912
1500,300,96.947041
1500,300,93.279228
1500,300,99.415409
1500,300,92.210401
1500,300,97.447977
1500,300,95.644899
1500,300,96.685041
1500,300,93.835449
1500,300,101.346386
1500,300,93.966017
1500,300,100.460201
1500,300,100.276718
1500,300,99.885546
1500,300,97.403296
1500,300,90.303933
1500,300,92.588330
1500,300,95.607252
1500,300,96.457063
1500,300,93.658820
1500,300,93.070534
1500,300,91.168176
1500,300,94.519463
1500,300,98.473365
1500,300,98.208320
1500,300,98.005354
1500,300,98.213587
1500,300,100.611416
1500,300,95.221654
1500,300,92.782018
1500,300,98.287801
1500,300,91.247419
1500,300,89.164418
1500,300,94.752979
1500,300,100.034477
1500,300,87.079906
1500,300,92.960421
1500,300,93.715856
1500,300,96.728971
1500,300,99.454108
1500,300,91.549908
1500,300,95.986118
1500,300,98.022692
1500,300,96.866842
1500,300,96.341766
1500,300,96.158866
1500,300,100.446994
1500,300,97.952371
1500,400,49.473882
1500,400,47.538017
1500,400,51.467050
1500,400,47.020991
1500,400,50.776477
1500,400,48.879461
1500,400,49.109698
1500,400,48.686627
1500,400,48.322971
1500,400,51.038353
1500,400,45.901546
1500,400,49.327879
1500,400,48.336019
1500,400,48.706823
1500,400,46.358368
1500,400,48.406652
1500,400,49.748381
1500,400,49.923793
1500,400,48.705163
1500,400,44.941092
1500,400,53.509051
1500,400,48.981624
1500,400,47.634941
1500,400,48.716791
1500,400,52.669074
1500,400,49.860562
1500,400,46.820434
1500,400,46.504521
1500,400,48.510174
1500,400,49.122966
1500,400,46.285529
1500,400,49.235892
1500,400,46.403276
1500,400,46.696954
1500,400,52.315001
1500,400,48.448383
1500,400,51.727663
1500,400,47.990248
1500,400,46.915002
1500,400,45.584654
1500,400,48.190559
1500,400,49.184229
1500,400,47.375331
1500,400,48.503420
1500,400,49.029238
1500,400,45.655436
1500,400,47.860741
1500,400,47.641421
1500,400,44.360517
1500,400,47.374287
1500,400,46.325938
1500,400,47.056088
1500,400,47.620948
1500,400,47.409828
1500,400,48.837180
1500,400,45.203320
1500,400,45.798839
1500,400,47.704304
1500,400,47.806003
1500,400,48.099875
1500,400,46.335799
1500,400,48.482196
1500,400,47.050198
1500,400,50.220570
1500,400,46.117565
1500,400,47.851775
1500,400,48.663888
1500,400,46.246070
1500,400,46.949559
1500,400,47.241412
1500,400,47.093529
1500,400,47.920986
1500,400,49.767046
1500,400,46.569200
1500,400,51.495564
1500,400,46.217056
1500,400,47.847289
1500,400,48.352525
1500,400,47.477616
1500,400,47.706831
1500,400,47.941335
1500,400,49.228100
1500,400,46.163838
1500,400,48.799094
1500,400,46.930332
1500,400,47.853339
1500,400,50.319183
1500,400,49.011251
1500,400,46.482085
1500,400,46.642293
1500,400,49.774369
1500,400,47.216688
1500,400,47.484335
1500,400,49.613661
1500,400,47.694440
1500,400,49.062916
1500,400,49.532193
1500,400,44.882266
1500,400,45.266680
1500,400,49.725753
1500,400,46.509515
1500,400,49.479860
1500,400,47.182742
1500,400,49.689248
1500,400,46.893154
1500,400,48.796640
1500,400,48.670624
1500,400,45.940683
1500,400,46.413320
1500,400,46.831878
1500,400,44.839028
1500,400,48.935515
1500,400,48.524885
1500,400,48.013301
1500,400,45.025409
1500,400,46.425183
1500,400,49.133852
1500,400,47.062107
1500,400,43.214076
1500,400,50.335120
1500,400,45.938784
1500,400,46.316094
1500,400,48.323659
1500,400,45.119323
1500,400,46.666088
1500,400,48.321504
1500,400,48.131886
1500,400,47.421045
1500,400,46.106512
1500,400,46.659747
1500,400,47.803096
1500,400,46.347362
1500,400,47.504236
1500,400,45.646821
1500,400,46.685558
1500,400,45.229092
1500,400,48.585697
1500,400,49.364317
1500,400,46.428855
1500,400,49.718663
1500,400,49.360183
1500,400,44.412565
1500,400,50.248371
1500,400,47.623832
1500,400,49.826198
1500,400,49.314350
1500,400,49.569464
1500,400,46.762466
1500,400,45.526787
1500,400,46.797479
1500,400,48.062227
1500,400,49.627409
1500,400,47.957413
1500,400,43.707588
1500,400,47.355602
1500,400,46.919906
1500,400,47.041309
1500,400,45.188120
1500,400,48.898957
1500,400,49.439122
1500,400,44.227096
1500,400,48.512375
1500,400,45.962600
1500,400,46.591689
1500,400,47.539431
1500,400,48.025636
1500,400,47.570737
1500,400,48.161754
1500,400,44.007419
1500,400,46.963025
1500,400,47.171577
1500,400,49.154232
1500,400,48.288693
1500,400,46.569827
1500,400,46.397534
1500,400,47.676390
1500,400,48.448653
1500,400,48.157836
1500,400,47.014345
1500,400,44.061687
1500,400,52.158459
1500,400,49.065510
1500,400,45.373533
1500,400,47.681445
1500,400,46.620318
1500,400,46.948038
1500,400,46.181633
1500,400,43.386408
1500,400,46.302179
1500,400,49.444365
1500,400,49.055532
1500,400,47.073293
1500,400,47.661441
1500,400,46.717254
1500,400,48.320485
1500,400,46.778494
1500,400,42.404859
1500,400,49.154463
1500,400,47.817875
1500,400,46.000910
1500,400,45.130956
1500,400,47.849250
1500,400,47.342860
1500,400,47.834536
1500,400,45.493440
1500,400,50.787489
1500,400,47.413780
1500,400,45.057142
1500,400,45.871659
1500,400,46.551309
1500,400,46.302844
1500,400,47.302449
1500,400,44.615610
1500,400,47.761728
1500,400,50.391460
1500,400,46.971911
1500,400,42.893335
1500,400,50.064274
1500,400,44.880864
1500,400,47.189601
1500,400,45.306769
1500,400,44.936963
1500,400,50.929660
1500,400,44.840342
1500,400,45.930727
1500,400,46.743667
1500,400,46.389703
1500,400,46.904239
1500,400,45.499462
1500,400,44.757695
1500,400,48.707676
1500,400,49.690810
1500,400,42.974945
1500,400,44.024451
1500,400,46.901793
1500,400,47.724330
1500,400,45.554611
1500,400,45.387750
1500,400,48.500391
1500,400,46.514594
1500,400,48.549709
1500,400,50.890482
1500,400,48.914987
1500,400,45.315857
1500,400,50.525955
1500,400,44.924703
1500,400,48.645308
1500,400,49.243787
1500,400,52.952386
1500,400,47.658325
1500,400,47.999034
1500,400,48.747153
1500,400,49.713585
1500,400,48.722307
1500,400,50.250598
1500,400,47.533510
1500,400,49.014946
1500,400,49.672181
1500,400,46.368638
1500,400,48.532357
1500,400,47.084350
1500,400,50.843864
1500,400,46.633746
1500,400,47.666336
1500,400,50.275666
1500,400,49.919818
1500,400,51.008810
1500,400,50.966931
1500,400,47.479411
1500,400,49.988177
1500,400,46.305084
1500,400,45.932404
1500,400,49.667006
1500,400,48.554654
1500,400,49.002365
1500,400,46.699185
1500,400,47.032749
1500,400,45.936570
1500,400,51.128222
1500,400,46.662036
1500,400,46.529119
1500,400,47.163750
1500,400,48.487611
1500,400,46.825630
1500,400,49.598073
1500,400,45.794026
1500,400,45.746070
1500,400,46.305756
1500,400,47.531869
1500,400,47.630702
1500,400,47.452489
1500,400,47.241905
1500,400,46.204970
1500,400,47.880619
1500,400,45.230872
1500,400,49.211555
1500,400,46.419233
1500,400,47.534660
1500,400,48.414576
1500,400,45.837490
1500,400,45.164268
1500,400,50.859156
1500,400,48.294471
1500,400,49.754977
1500,400,47.544789
1500,400,44.633677
1500,400,47.389355
1500,400,46.502949
1500,400,49.482787
1500,400,48.053824
1500,400,50.028372
1500,400,50.237130
1500,400,50.644993
1500,400,48.692136
1500,400,47.312935
1500,400,49.433201
1500,400,49.857454
1500,400,47.253973
1500,400,48.011831
1500,400,47.656790
1500,400,52.994844
1500,400,48.027664
1500,400,47.404533
1500,400,49.073122
1500,400,49.531264
1500,400,49.682966
1500,400,50.027469
1500,400,51.775285
1500,400,51.895663
1500,400,48.450972
1500,400,47.765497
1500,400,48.481305
1500,400,47.107842
1500,400,49.617084
1500,400,51.518171
1500,400,49.144597
1500,400,50.845745
1500,400,48.634489
1500,400,49.713414
1500,400,50.915333
1500,400,48.364062
1500,400,52.516969
1500,400,50.981046
1500,400,50.649384
1500,400,49.710388
1500,400,47.914179
1500,400,48.472684
1500,400,48.717195
1500,400,48.387162
1500,400,49.743235
1500,400,50.747375
1500,400,49.491677
1500,400,50.959174
1500,400,51.714369
1500,400,49.445666
1500,400,50.280264
1500,400,50.505902
1500,400,48.788268
1500,400,50.847903
1500,400,50.028259
1500,400,48.116685
1500,400,47.216054
1500,400,49.279853
1500,400,51.331052
1500,400,48.446874
1500,400,48.894869
1500,400,49.890515
1500,400,49.830839
1500,400,50.233704
1500,400,50.762265
1500,400,50.301869
1500,400,53.662394
1500,400,47.033152
1500,400,52.229828
1500,400,48.154969
1500,400,48.533903
1500,400,48.798786
1500,400,49.611833
1500,400,49.352141
1500,400,48.918288
1500,400,48.626970
1500,400,49.736538
1500,400,46.563774
1500,400,46.802553
1500,400,50.137107
1500,400,51.442344
1500,400,49.893969
1500,400,46.065593
1500,400,50.731348
1500,400,48.945790
1500,400,48.385389
1500,400,49.225858
1500,400,49.120527
1500,400,50.125934
1500,400,51.740478
1500,400,47.688116
1500,400,48.117356
1500,400,49.181550
1500,400,48.690716
1500,400,50.772326
1500,500,45.189239
1500,500,43.996099
1500,500,47.601236
1500,500,48.385200
1500,500,47.631933
1500,500,49.721355
1500,500,47.575881
1500,500,45.285421
1500,500,48.175391
1500,500,46.241740
1500,500,48.203215
1500,500,47.342807
1500,500,46.634620
1500,500,49.474509
1500,500,48.328854
1500,500,45.901795
1500,500,45.092532
1500,500,45.919214
1500,500,49.321135
1500,500,45.793520
1500,500,46.778873
1500,500,47.977208
1500,500,48.711248
1500,500,44.720365
1500,500,47.873670
1500,500,48.377660
1500,500,47.503827
1500,500,46.956869
1500,500,44.908775
1500,500,49.282261
1500,500,45.812521
1500,500,47.812917
1500,500,47.232031
1500,500,48.319577
1500,500,45.927692
1500,500,48.671441
1500,500,49.731707
1500,500,46.765473
1500,500,44.793772
1500,500,47.550915
1500,500,45.115393
1500,500,47.165591
1500,500,46.654181
1500,500,48.839131
1500,500,48.780770
1500,500,47.020085
1500,500,48.857985
1500,500,47.626148
1500,500,47.812194
1500,500,46.271482
1500,500,45.947643
1500,500,47.031540
1500,500,44.626623
1500,500,47.297483
1500,500,49.069356
1500,500,47.008559
1500,500,46.672565
1500,500,46.993431
1500,500,44.407144
1500,500,46.423314
1500,500,46.236432
1500,500,45.835040
1500,500,49.430133
1500,500,45.833323
1500,500,45.613836
1500,500,48.496237
1500,500,48.004988
1500,500,46.914064
1500,500,47.481585
1500,500,47.962575
1500,500,46.505732
1500,500,50.964758
1500,500,45.736544
1500,500,48.093778
1500,500,47.530480
1500,500,48.685954
1500,500,47.117112
1500,500,45.925792
1500,500,45.166972
1500,500,46.798513
1500,500,46.615976
1500,500,49.039402
1500,500,43.786869
1500,500,44.778988
1500,500,44.638618
1500,500,49.206818
1500,500,47.175413
1500,500,45.418455
1500,500,47.887989
1500,500,46.147387
1500,500,48.943316
1500,500,47.183829
1500,500,47.115953
1500,500,47.460945
1500,500,48.013130
1500,500,45.787836
1500,500,47.049105
1500,500,47.050826
1500,500,48.208913
1500,500,49.245387
1500,500,48.079879
1500,500,44.955752
1500,500,50.335172
1500,500,47.530016
1500,500,47.715859
1500,500,48.849059
1500,500,44.551752
1500,500,43.976342
1500,500,45.883921
1500,500,47.965821
1500,500,44.663414
1500,500,46.187897
1500,500,47.605801
1500,500,46.450504
1500,500,47.014265
1500,500,48.986108
1500,500,46.788876
1500,500,43.963325
1500,500,43.349704
1500,500,45.832158
1500,500,47.183046
1500,500,47.723685
1500,500,46.182619
1500,500,48.513197
1500,500,45.984214
1500,500,50.675902
1500,500,48.033010
1500,500,47.406243
1500,500,46.605907
1500,500,47.116306
1500,500,47.659721
1500,500,41.786779
1500,500,44.409681
1500,500,49.161151
1500,500,45.345665
1500,500,45.754360
1500,500,44.614021
1500,500,46.493631
1500,500,44.869485
1500,500,48.165265
1500,500,46.985218
1500,500,45.728252
1500,500,44.975990
1500,500,45.181114
1500,500,46.810577
1500,500,46.641372
1500,500,46.055288
1500,500,47.336650
1500,500,45.705297
1500,500,48.867231
1500,500,48.067102
1500,500,45.753864
1500,500,46.530005
1500,500,46.218830
1500,500,46.970849
1500,500,44.360974
1500,500,47.327380
1500,500,45.390359
1500,500,48.036630
1500,500,47.998380
1500,500,45.358080
1500,500,46.491529
1500,500,48.488472
1500,500,48.853101
1500,500,49.091836
1500,500,49.261852
1500,500,47.997818
1500,500,42.311173
1500,500,51.883542
1500,500,46.879011
1500,500,43.813172
1500,500,47.312865
1500,500,46.575315
1500,500,46.409077
1500,500,46.199995
1500,500,48.245386
1500,500,44.635046
1500,500,46.411143
1500,500,46.770692
1500,500,46.307569
1500,500,47.713205
1500,500,47.886199
1500,500,45.723114
1500,500,47.155364
1500,500,47.591234
1500,500,47.348868
1500,500,46.859435
1500,500,47.695012
1500,500,48.229127
1500,500,48.325809
1500,500,45.051315
1500,500,48.811807
1500,500,47.595503
1500,500,47.163064
1500,500,46.366177
1500,500,46.631468
1500,500,44.574402
1500,500,46.171687
1500,500,47.841873
1500,500,44.847274
1500,500,46.233114
1500,500,44.732966
1500,500,45.630240
1500,500,46.302630
1500,500,42.248838
1500,500,47.124932
1500,500,46.487439
1500,500,45.820562
1500,500,48.327561
1500,500,47.295569
1500,500,46.250586
1500,500,45.393261
1500,500,45.977669
1500,500,46.367517
1500,500,48.989127
1500,500,43.690256
1500,500,44.068971
1500,500,42.897117
1500,500,44.664773
1500,500,48.231799
1500,500,44.794612
1500,500,47.802049
1500,500,44.693268
1500,500,47.733474
1500,500,48.289774
1500,500,45.667618
1500,500,47.780883
1500,500,43.684456
1500,500,46.127637
1500,500,44.914373
1500,500,45.152154
1500,500,47.446557
1500,500,45.774744
1500,500,47.006027
1500,500,45.828459
1500,500,47.091134
1500,500,45.778396
1500,500,45.406149
1500,500,44.602009
1500,500,45.758034
1500,500,49.451277
1500,500,50.096209
1500,500,45.330118
1500,500,48.478242
1500,500,48.653582
1500,500,48.593509
1500,500,46.315566
1500,500,51.975820
1500,500,46.820521
1500,500,51.479360
1500,500,51.627188
1500,500,49.970227
1500,500,44.854686
1500,500,47.823628
1500,500,50.449779
1500,500,51.733229
1500,500,47.744010
1500,500,47.531226
1500,500,49.005500
1500,500,47.155229
1500,500,46.958469
1500,500,46.591424
1500,500,46.970220
1500,500,49.826950
1500,500,48.757487
1500,500,50.767928
1500,500,50.029790
1500,500,47.123836
1500,500,46.273147
1500,500,46.995760
1500,500,48.786244
1500,500,44.046511
1500,500,50.768536
1500,500,52.101682
1500,500,47.988191
1500,500,47.377650
1500,500,48.158138
1500,500,50.878818
1500,500,44.195395
1500,500,45.661336
1500,500,50.081539
1500,500,46.562694
1500,500,47.652109
1500,500,46.446456
1500,500,47.244128
1500,500,45.389962
1500,500,48.251924
1500,500,49.030705
1500,500,51.596097
1500,500,49.156108
1500,500,49.459167
1500,500,46.825343
1500,500,47.176878
1500,500,46.131745
1500,500,46.457687
1500,500,49.102447
1500,500,47.656974
1500,500,47.887439
1500,500,48.276432
1500,500,48.542380
1500,500,50.625551
1500,500,47.903078
1500,500,44.953228
1500,500,44.846511
1500,500,45.617992
1500,500,45.498941
1500,500,49.437318
1500,500,47.274717
1500,500,46.256623
1500,500,49.696125
1500,500,46.345414
1500,500,47.177025
1500,500,47.055503
1500,500,48.333518
1500,500,49.157147
1500,500,49.793871
1500,500,46.948936
1500,500,48.115113
1500,500,46.549038
1500,500,46.046282
1500,500,50.220710
1500,500,46.582010
1500,500,46.724320
1500,500,47.753510
1500,500,49.037089
1500,500,45.841329
1500,500,46.205830
1500,500,45.963059
1500,500,50.723415
1500,500,46.456778
1500,500,49.754221
1500,500,51.403554
1500,500,52.320313
1500,500,49.944024
1500,500,46.653384
1500,500,47.328014
1500,500,48.269853
1500,500,46.147248
1500,500,48.082222
1500,500,47.386998
1500,500,44.985576
1500,500,46.051202
1500,500,48.864433
1500,500,49.319944
1500,500,46.406913
1500,500,51.305583
1500,500,45.879669
1500,500,47.380553
1500,500,50.556447
1500,500,48.115227
1500,500,47.200538
1500,500,49.109037
1500,500,46.637811
1500,500,50.172215
1500,500,49.477478
1500,500,46.376588
1500,500,47.357215
1500,500,48.594128
1500,500,45.747888
1500,500,45.055859
1500,500,47.007564
1500,500,46.748880
1500,500,43.425420
1500,500,47.208509
1500,500,44.720282
1500,500,48.851042
1500,500,46.816659
1500,500,45.020987
1500,500,46.240089
1500,500,48.416202
1500,500,44.855044
1500,500,49.934393
1500,500,47.245733
1500,500,50.470225
1500,500,44.340895
1500,500,45.056483
1500,500,47.509738
1500,500,46.638295
1500,500,48.664548
1500,500,46.707726
1500,500,46.370798
1500,500,46.542997
1500,500,44.671837
1500,500,48.098479
1500,500,48.388953
1500,500,47.840878
1500,500,49.190634
1500,500,46.129561
1500,500,48.085907
1500,500,45.783695
1500,500,47.950760
1500,500,46.581112
1500,500,46.252849
1500,500,48.289687
1500,500,47.571602
1500,500,50.158774
1500,500,48.892999
1500,500,49.279917
1500,500,47.985810
1500,500,48.264941
2000,0,98.856568
2000,0,99.141881
2000,0,104.012662
2000,0,101.219191
2000,0,97.741890
2000,0,93.670928
2000,0,101.090514
2000,0,97.797155
2000,0,99.040321
2000,0,99.562829
2000,0,94.167572
2000,0,100.329356
2000,0,105.591731
2000,0,98.438059
2000,0,95.687933
2000,0,93.197701
2000,0,100.174646
2000,0,101.220582
2000,0,97.919108
2000,0,99.422931
2000,0,97.183359
2000,0,100.255627
2000,0,105.145268
2000,0,99.338537
2000,0,98.809874
2000,0,100.796576
2000,0,104.784675
2000,0,109.380679
2000,0,99.660386
2000,0,91.337570
2000,0,103.370321
2000,0,102.700428
2000,0,99.628708
2000,0,99.788236
2000,0,99.268007
2000,0,99.169925
2000,0,101.016335
2000,0,99.788094
2000,0,101.725689
2000,0,95.265239
2000,0,95.533453
2000,0,102.622540
2000,0,92.430874
2000,0,101.277520
2000,0,105.262636
2000,0,93.330071
2000,0,93.966628
2000,0,96.242216
2000,0,93.001005
2000,0,95.890587
2000,0,99.372447
2000,0,96.143643
2000,0,100.094833
2000,0,97.647813
2000,0,99.561350
2000,0,90.221784
2000,0,102.007869
2000,0,101.752593
2000,0,91.530352
2000,0,96.515098
2000,0,96.680146
2000,0,102.375545
2000,0,99.884263
2000,0,101.808544
2000,0,93.909969
2000,0,100.392746
2000,0,102.181677
2000,0,98.693742
2000,0,100.586189
2000,0,98.242391
2000,0,100.019651
2000,0,95.588071
2000,0,96.678771
2000,0,97.053291
2000,0,104.758200
2000,0,100.635371
2000,0,98.106033
2000,0,97.344239
2000,0,99.655181
2000,0,104.055501
2000,0,102.002514
2000,0,99.598599
2000,0,89.804390
2000,0,99.848265
2000,0,93.055126
2000,0,97.881344
2000,0,102.592150
2000,0,100.921444
2000,0,98.654137
2000,0,98.388647
2000,0,98.702499
2000,0,97.056748
2000,0,93.602424
2000,0,99.644439
2000,0,98.571237
2000,0,93.903746
2000,0,95.965976
2000,0,100.014150
2000,0,94.638700
2000,0,92.654151
2000,0,95.295168
2000,0,96.354816
2000,0,98.062468
2000,0,96.131191
2000,0,93.498706
2000,0,102.181043
2000,0,97.849303
2000,0,99.721254
2000,0,88.358953
2000,0,91.505328
2000,0,102.851799
2000,0,101.294533
2000,0,96.718471
2000,0,100.946925
2000,0,95.939164
2000,0,97.566671
2000,0,93.979975
2000,0,95.179561
2000,0,100.204186
2000,0,97.006103
2000,0,100.301125
2000,0,97.824176
2000,0,101.878252
2000,0,96.715294
2000,0,93.299452
2000,0,99.446804
2000,0,90.916803
2000,0,88.879794
2000,0,96.377829
2000,0,94.883021
2000,0,95.222183
2000,0,89.383500
2000,0,97.156546
2000,0,97.182281
2000,0,99.052447
2000,0,92.303029
2000,0,101.090857
2000,0,95.349883
2000,0,101.432309
2000,0,98.897490
2000,0,93.630945
2000,0,92.476070
2000,0,96.410754
2000,0,95.688731
2000,0,91.954226
2000,0,102.385935
2000,0,95.597584
2000,0,95.864989
2000,0,98.667706
2000,0,95.704615
2000,0,94.237972
2000,0,96.456147
2000,0,96.281535
2000,0,96.335960
2000,0,93.663535
2000,0,93.041532
2000,0,93.568641
2000,0,100.319923
2000,0,92.851415
2000,0,93.128431
2000,0,95.871953
2000,0,96.957024
2000,0,99.128314
2000,0,93.601544
2000,0,97.829325
2000,0,100.005259
2000,0,96.726662
2000,0,100.265981
2000,0,104.766971
2000,0,95.656895
2000,0,100.499268
2000,0,95.115223
2000,0,98.363862
2000,0,94.898617
2000,0,99.016485
2000,0,100.060499
2000,0,96.907623
2000,0,95.065686
2000,0,94.762681
2000,0,101.995896
2000,0,96.204187
2000,0,99.191649
2000,0,100.041706
2000,0,98.659431
2000,0,99.509672
2000,0,93.845281
2000,0,99.601521
2000,0,95.656318
2000,0,97.502421
2000,0,97.009811
2000,0,100.929387
2000,0,96.439506
2000,0,99.483524
2000,0,97.640876
2000,0,93.199665
2000,0,91.789190
2000,0,98.853553
2000,0,98.401513
2000,0,99.390787
2000,0,93.284576
2000,0,101.088293
2000,0,95.241117
2000,0,93.168856
2000,0,96.493791
2000,0,94.983299
2000,0,93.982836
2000,0,96.561278
2000,0,97.637265
2000,0,93.430988
2000,0,102.627081
2000,0,96.755884
2000,0,92.498614
2000,0,97.754555
2000,0,95.704634
2000,0,94.663911
2000,0,93.265823
2000,0,96.486243
2000,0,96.495475
2000,0,93.824934
2000,0,95.001701
2000,0,96.577874
2000,0,98.862168
2000,0,99.078092
2000,0,98.463469
2000,0,91.772441
2000,0,95.824921
2000,0,97.443651
2000,0,95.004491
2000,0,99.073940
2000,0,91.612901
2000,0,95.440694
2000,0,100.564884
2000,0,96.398457
2000,0,94.371177
2000,0,95.452072
2000,0,102.051048
2000,0,98.414336
2000,0,95.538174
2000,0,98.714630
2000,0,89.289298
2000,0,102.015650
2000,0,97.168000
2000,0,100.157409
2000,0,98.254104
2000,0,96.200141
2000,0,96.056069
2000,0,102.174277
2000,0,100.142869
2000,0,92.938164
2000,0,96.337517
2000,0,95.542310
2000,0,95.094143
2000,0,98.345666
2000,0,97.734803
2000,0,95.702179
2000,0,97.026698
2000,0,99.668521
2000,0,103.594830
2000,0,98.504199
2000,0,96.005897
2000,0,101.219050
2000,0,102.368203
2000,0,93.454634
2000,0,94.972094
2000,0,101.357777
2000,0,97.424052
2000,0,97.372716
2000,0,97.430031
2000,0,95.389503
2000,0,98.019974
2000,0,97.200926
2000,0,104.025504
2000,0,98.796412
2000,0,105.044747
2000,0,100.293056
2000,0,97.225080
2000,0,92.590860
2000,0,98.235241
2000,0,99.707548
2000,0,98.171061
2000,0,93.999664
2000,0,95.635544
2000,0,101.034704
2000,0,104.105546
2000,0,100.176278
2000,0,90.161335
2000,0,93.770579
2000,0,94.757813
2000,0,100.033007
2000,0,97.603704
2000,0,94.803233
2000,0,97.829688
2000,0,89.039066
2000,0,99.219842
2000,0,94.642308
2000,0,93.547121
2000,0,93.261527
2000,0,98.112511
2000,0,97.937754
2000,0,95.303319
2000,0,94.591648
2000,0,91.179784
2000,0,94.826702
2000,0,105.601601
2000,0,98.520722
2000,0,102.833972
2000,0,95.213365
2000,0,99.357604
2000,0,96.363346
2000,0,91.284504
2000,0,103.126896
2000,0,90.257372
2000,0,97.024925
2000,0,96.728289
2000,0,97.789972
2000,0,94.879833
2000,0,95.207972
2000,0,97.045993
2000,0,100.804239
2000,0,98.908649
2000,0,97.009996
2000,0,99.174805
2000,0,104.056990
2000,0,96.836919
2000,0,100.192813
2000,0,97.748886
2000,0,96.031663
2000,0,96.494046
2000,0,97.529559
2000,0,101.290983
2000,0,99.443791
2000,0,101.695273
2000,0,97.306887
2000,0,99.829477
2000,0,96.219828
2000,0,99.933350
2000,0,104.695089
2000,0,103.328849
2000,0,98.084700
2000,0,97.007946
2000,0,102.025825
2000,0,96.557618
2000,0,97.091838
2000,0,101.778120
2000,0,95.751930
2000,0,103.850723
2000,0,101.423046
2000,0,100.055311
2000,0,100.033395
2000,0,102.916581
2000,0,94.711627
2000,0,94.967195
2000,0,99.815578
2000,0,100.058498
2000,0,100.307596
2000,0,104.956862
2000,0,92.972287
2000,0,100.602904
2000,0,94.908798
2000,0,101.836230
2000,0,91.739706
2000,0,92.504526
2000,0,90.688780
2000,0,98.117686
2000,0,94.839667
2000,0,96.868696
2000,0,95.436908
2000,0,95.370307
2000,0,97.810402
2000,0,95.858221
2000,0,100.840704
2000,0,98.281397
2000,0,100.376452
2000,0,97.565357
2000,0,91.639444
2000,0,90.489835
2000,0,102.626922
2000,0,97.314896
2000,0,96.719850
2000,0,93.603900
2000,0,95.646794
2000,0,100.002283
2000,0,100.658346
2000,0,96.426829
2000,0,103.935141
2000,0,104.045815
2000,0,98.207123
2000,0,100.406917
2000,0,98.306476
2000,0,99.437514
2000,0,92.813960
2000,0,94.084801
2000,0,99.000329
2000,0,100.538395
2000,0,96.256072
2000,0,94.794235
2000,0,98.319406
2000,0,97.044841
2000,0,93.020078
2000,0,106.039744
2000,100,68.829378
2000,100,68.562112
2000,100,69.397052
2000,100,72.358558
2000,100,69.423395
2000,100,71.648016
2000,100,71.802562
2000,100,70.664600
2000,100,69.331310
2000,100,71.977874
2000,100,72.702713
2000,100,70.286437
2000,100,70.864206
2000,100,69.060191
2000,100,71.410600
2000,100,71.169580
2000,100,68.663139
2000,100,71.819119
2000,100,71.093217
2000,100,68.928238
2000,100,68.658676
2000,100,68.571858
2000,100,72.564337
2000,100,71.962857
2000,100,72.054745
2000,100,70.712273
2000,100,69.233322
2000,100,68.832102
2000,100,70.512295
2000,100,71.887776
2000,100,70.190936
2000,100,69.239804
2000,100,70.421016
2000,100,70.796986
2000,100,72.499913
2000,100,69.350330
2000,100,70.400157
2000,100,69.904606
2000,100,71.863580
2000,100,69.351255
2000,100,71.701250
2000,100,72.045807
2000,100,70.648792
2000,100,70.900132
2000,100,72.559162
2000,100,68.892431
2000,100,68.680216
2000,100,70.012598
2000,100,70.961980
2000,100,70.922955
2000,100,68.971951
2000,100,68.777471
2000,100,72.402121
2000,100,71.976111
2000,100,69.577793
2000,100,69.191446
2000,100,71.357125
2000,100,69.868783
2000,100,70.007741
2000,100,68.655838
2000,100,72.609003
2000,100,71.105988
2000,100,68.591320
2000,100,68.896057
2000,100,72.352712
2000,100,71.321176
2000,100,69.675612
2000,100,71.033930
2000,100,69.348201
2000,100,68.677795
2000,100,72.039216
2000,100,69.889612
2000,100,70.132752
2000,100,72.377984
2000,100,69.741675
2000,100,70.167706
2000,100,68.574164
2000,100,70.432676
2000,100,72.336305
2000,100,71.094518
2000,100,68.866806
2000,100,68.223603
2000,100,69.679021
2000,100,71.570201
2000,100,70.687588
2000,100,70.298739
2000,100,68.229123
2000,100,68.549059
2000,100,71.552654
2000,100,68.762540
2000,100,71.361057
2000,100,71.931457
2000,100,70.856024
2000,100,70.317742
2000,100,70.101649
2000,100,71.200357
2000,100,72.318825
2000,100,68.275640
2000,100,68.708610
2000,100,69.102383
2000,100,71.598871
2000,100,70.543604
2000,100,70.611786
2000,100,71.560949
2000,100,68.563196
2000,100,70.946018
2000,100,71.445998
2000,100,70.615880
2000,100,70.070011
2000,100,71.918012
2000,100,72.317414
2000,100,68.463429
2000,100,69.200573
2000,100,72.172940
2000,100,69.237332
2000,100,71.299215
2000,100,71.327834
2000,100,70.651571
2000,100,69.023019
2000,100,71.031567
2000,100,72.069057
2000,100,69.018525
2000,100,72.012462
2000,100,72.045255
2000,100,70.909613
2000,100,70.870364
2000,100,68.455587
2000,100,71.081150
2000,100,71.820484
2000,100,69.296675
2000,100,70.260026
2000,100,70.811181
2000,100,71.318542
2000,100,71.361588
2000,100,68.617373
2000,100,71.453719
2000,100,72.094560
2000,100,71.918741
2000,100,70.241629
2000,100,69.892990
2000,100,68.688947
2000,100,71.495603
2000,100,68.247009
2000,100,69.693989
2000,100,69.062237
2000,100,72.356633
2000,100,70.803544
2000,100,70.048623
2000,100,70.804603
2000,100,71.609303
2000,100,68.488268
2000,100,70.460290
2000,100,69.055421
2000,100,71.984881
2000,100,71.307010
2000,100,71.056336
2000,100,70.180485
2000,100,71.734580
2000,100,69.337737
2000,100,72.353904
2000,100,71.804330
2000,100,69.251343
2000,100,71.281980
2000,100,69.506683
2000,100,69.162452
2000,100,69.049865
2000,100,70.033648
2000,100,71.104810
2000,100,70.357115
2000,100,70.860900
2000,100,68.678066
2000,100,68.854888
2000,100,70.374857
2000,100,72.160807
2000,100,70.438765
2000,100,70.816813
2000,100,69.849065
2000,100,70.975916
2000,100,68.609926
2000,100,72.152696
2000,100,70.441649
2000,100,72.426710
2000,100,71.733663
2000,100,69.034761
2000,100,70.894007
2000,100,68.720983
2000,100,68.949029
2000,100,70.161099
2000,100,69.700245
2000,100,70.250098
2000,100,71.265985
2000,100,72.452605
2000,100,71.325717
2000,100,71.147976
2000,100,72.425316
2000,100,71.020611
2000,100,72.310636
2000,100,70.683351
2000,100,72.434121
2000,100,69.050933
2000,100,72.129882
2000,100,68.394600
2000,100,71.467945
2000,100,70.268987
2000,100,72.364857
2000,100,70.336447
2000,100,70.269475
2000,100,68.419848
2000,100,72.033398
2000,100,71.266885
2000,100,70.362690
2000,100,68.825340
2000,100,72.032085
2000,100,69.682591
2000,100,69.811723
2000,100,70.250815
2000,100,68.952834
2000,100,71.507871
2000,100,69.419952
2000,100,69.637766
2000,100,69.681995
2000,100,69.915546
2000,100,71.404021
2000,100,70.284839
2000,100,72.090870
2000,100,71.838595
2000,100,71.727956
2000,100,69.249643
2000,100,71.138905
2000,100,69.377832
2000,100,69.213209
2000,100,70.347678
2000,100,70.486457
2000,100,71.977522
2000,100,68.487811
2000,100,70.355475
2000,100,69.280562
2000,100,70.670729
2000,100,68.638912
2000,100,72.152257
2000,100,69.186063
2000,100,68.940851
2000,100,72.253016
2000,100,68.822275
2000,100,69.277582
2000,100,71.032566
2000,100,70.315087
2000,100,72.114930
2000,100,69.865581
2000,100,69.095315
2000,100,70.392812
2000,100,68.431352
2000,100,71.602819
2000,100,68.742768
2000,100,70.063264
2000,100,68.857569
2000,100,69.492299
2000,100,71.037100
2000,100,68.570895
2000,100,71.899894
2000,100,69.117248
2000,100,68.635715
2000,100,71.757665
2000,100,71.497834
2000,100,71.591301
2000,100,70.855402
2000,100,69.823409
2000,100,69.024526
2000,100,70.941259
2000,100,71.137980
2000,100,70.974649
2000,100,69.142534
2000,100,72.160236
2000,100,71.770653
2000,100,69.643361
2000,100,70.873327
2000,100,71.753263
2000,100,71.504085
2000,100,70.815511
2000,100,71.974765
2000,100,70.879215
2000,100,70.137452
2000,100,71.410112
2000,100,69.195997
2000,100,72.176639
2000,100,68.775922
2000,100,69.784898
2000,100,72.495210
2000,100,71.503220
2000,100,72.270953
2000,100,69.883409
2000,100,70.706755
2000,100,70.723743
2000,100,69.765027
2000,100,71.481116
2000,100,72.290519
2000,100,72.035790
2000,100,69.493510
2000,100,69.530692
2000,100,70.541171
2000,100,68.760984
2000,100,68.779552
2000,100,71.014906
2000,100,70.748845
2000,100,71.800457
2000,100,70.513251
2000,100,69.971745
2000,100,68.440674
2000,100,71.028076
2000,100,72.259756
2000,100,70.728559
2000,100,70.506010
2000,100,71.097432
2000,100,69.229984
2000,100,70.640250
2000,100,70.625221
2000,100,72.089208
2000,100,69.427814
2000,100,68.458358
2000,100,71.320031
2000,100,71.122296
2000,100,71.661857
2000,100,70.083757
2000,100,70.832656
2000,100,70.998570
2000,100,68.615291
2000,100,68.757735
2000,100,72.252300
2000,100,71.911629
2000,100,68.555294
2000,100,71.106813
2000,100,69.218362
2000,100,70.501391
2000,100,71.826721
2000,100,69.198601
2000,100,69.254956
2000,100,71.604399
2000,100,70.388014
2000,100,71.675178
2000,100,70.179383
2000,100,71.261365
2000,100,70.656185
2000,100,69.458595
2000,100,72.012549
2000,100,71.783792
2000,100,68.437135
2000,100,70.401576
2000,100,72.080676
2000,100,70.099455
2000,100,71.659600
2000,100,71.389714
2000,100,71.927617
2000,100,68.446403
2000,100,71.354225
2000,100,68.148758
2000,100,70.369041
2000,100,70.198791
2000,100,70.594148
2000,100,69.439815
2000,100,69.663564
2000,100,70.876913
2000,100,71.150502
2000,100,71.878932
2000,100,71.294164
2000,100,71.762897
2000,100,71.179791
2000,100,70.936393
2000,100,71.026122
2000,100,68.533383
2000,100,69.917518
2000,100,71.286821
2000,100,70.301147
2000,100,71.460333
2000,100,68.638671
2000,100,71.558507
2000,100,69.600352
2000,100,72.125064
2000,100,70.239076
2000,100,68.809985
2000,100,69.529122
2000,100,68.770584
2000,100,69.000284
2000,100,68.873653
2000,100,68.728897
2000,100,68.718350
2000,100,68.464393
2000,100,69.158947
2000,100,71.715485
2000,100,70.681600
2000,100,71.460508
2000,100,69.995090
2000,100,68.829947
2000,100,72.198375
2000,100,71.822898
2000,100,72.159841
2000,100,71.402188
2000,100,71.871962
2000,100,70.099406
2000,100,70.630231
2000,100,71.694687
2000,200,10.443860
2000,200,10.699563
2000,200,11.596800
2000,200,10.470368
2000,200,10.665929
2000,200,11.610532
2000,200,11.155483
2000,200,10.886813
2000,200,11.159718
2000,200,11.439331
2000,200,11.346406
2000,200,10.465744
2000,200,10.384151
2000,200,11.213680
2000,200,10.635349
2000,200,10.622538
2000,200,11.103002
2000,200,11.330798
2000,200,10.843953
2000,200,11.269476
2000,200,10.322838
2000,200,10.228339
2000,200,10.467556
2000,200,10.690895
2000,200,10.764667
2000,200,10.632622
2000,200,10.718746
2000,200,10.572509
2000,200,10.618491
2000,200,9.863513
2000,200,10.358169
2000,200,10.954073
2000,200,10.335208
2000,200,11.088660
2000,200,10.901168
2000,200,11.136599
2000,200,10.083673
2000,200,10.604652
2000,200,10.471428
2000,200,10.647185
2000,200,9.994959
2000,200,11.189146
2000,200,10.290538
2000,200,11.027218
2000,200,10.483390
2000,200,9.945723
2000,200,10.028623
2000,200,10.697516
2000,200,10.635114
2000,200,10.862853
2000,200,10.508866
2000,200,10.815568
2000,200,10.448170
2000,200,10.551156
2000,200,10.121305
2000,200,10.121398
2000,200,10.588942
2000,200,10.498570
2000,200,10.246028
2000,200,10.472759
2000,200,10.046055
2000,200,10.307769
2000,200,10.572473
2000,200,11.203831
2000,200,10.736286
2000,200,10.749711
2000,200,10.800029
2000,200,10.233217
2000,200,9.896531
2000,200,10.559851
2000,200,11.085635
2000,200,10.285306
2000,200,10.281919
2000,200,10.653521
2000,200,10.294859
2000,200,10.384849
2000,200,10.786746
2000,200,10.624330
2000,200,10.743496
2000,200,10.934468
2000,200,11.371491
2000,200,10.778613
2000,200,11.144215
2000,200,10.952684
2000,200,10.623371
2000,200,10.281895
2000,200,10.548944
2000,200,10.513025
2000,200,11.493234
2000,200,10.886216
2000,200,10.998789
2000,200,10.852629
2000,200,11.179863
2000,200,10.832827
2000,200,10.854441
2000,200,10.915279
2000,200,10.940278
2000,200,10.697538
2000,200,10.904133
2000,200,10.965231
2000,200,10.878351
2000,200,10.884768
2000,200,11.177109
2000,200,10.456658
2000,200,11.470858
2000,200,9.867383
2000,200,10.525150
2000,200,10.763110
2000,200,10.346613
2000,200,11.220668
2000,200,11.018032
2000,200,9.935889
2000,200,10.427195
2000,200,10.542406
2000,200,10.035537
2000,200,10.708647
2000,200,11.158394
2000,200,11.231297
2000,200,11.243925
2000,200,10.256007
2000,200,11.153916
2000,200,10.708221
2000,200,10.499436
2000,200,10.396109
2000,200,11.234263
2000,200,10.468924
2000,200,10.335295
2000,200,10.225593
2000,200,9.778833
2000,200,10.616950
2000,200,10.013229
2000,200,10.732192
2000,200,10.605686
2000,200,10.161060
2000,200,10.877583
2000,200,10.690061
2000,200,10.779186
2000,200,10.458600
2000,200,10.868495
2000,200,10.951572
2000,200,11.362896
2000,200,10.645809
2000,200,10.685897
2000,200,10.410480
2000,200,10.687777
2000,200,10.560164
2000,200,10.709746
2000,200,10.628101
2000,200,10.928125
2000,200,10.650636
2000,200,10.474054
2000,200,10.596695
2000,200,10.121587
2000,200,11.119301
2000,200,11.300198
2000,200,10.715391
2000,200,11.035375
2000,200,10.997384
2000,200,10.976763
2000,200,11.248556
2000,200,10.635703
2000,200,11.228146
2000,200,10.864389
2000,200,11.335955
2000,200,10.611217
2000,200,10.644482
2000,200,11.151780
2000,200,11.371032
2000,200,10.396457
2000,200,10.508133
2000,200,11.110455
2000,200,10.315256
2000,200,10.573029
2000,200,10.434771
2000,200,10.583582
2000,200,10.579132
2000,200,10.363285
2000,200,10.681788
2000,200,10.677863
2000,200,10.951918
2000,200,10.700286
2000,200,10.278768
2000,200,10.765620
2000,200,11.213459
2000,200,10.283007
2000,200,11.115211
2000,200,10.964989
2000,200,10.232123
2000,200,10.756897
2000,200,11.281317
2000,200,10.687957
2000,200,10.801819
2000,200,10.586858
2000,200,9.891420
2000,200,10.648236
2000,200,10.345470
2000,200,10.585657
2000,200,10.369032
2000,200,9.869418
2000,200,10.701431
2000,200,10.471653
2000,200,10.114810
2000,200,10.913779
2000,200,10.143814
2000,200,10.601091
2000,200,11.361383
2000,200,9.876285
2000,200,10.446054
2000,200,10.768217
2000,200,10.356689
2000,200,10.274044
2000,200,10.466067
2000,200,11.050735
2000,200,10.559518
2000,200,10.532176
2000,200,9.975951
2000,200,10.434868
2000,200,10.941364
2000,200,10.201006
2000,200,11.083622
2000,200,10.805449
2000,200,10.620995
2000,200,10.731255
2000,200,11.212795
2000,200,10.853642
2000,200,10.449366
2000,200,10.600855
2000,200,10.710263
2000,200,10.118188
2000,200,10.939776
2000,200,11.252217
2000,200,11.301412
2000,200,10.406636
2000,200,10.732282
2000,200,11.044434
2000,200,10.512281
2000,200,10.703211
2000,200,10.681612
2000,200,10.791436
2000,200,11.418947
2000,200,9.797469
2000,200,9.851703
2000,200,9.981554
2000,200,10.157730
2000,200,10.399548
2000,200,10.623284
2000,200,9.479101
2000,200,10.394768
2000,200,10.308167
2000,200,10.212288
2000,200,10.554299
2000,200,10.865788
2000,200,10.212975
2000,200,10.173645
2000,200,10.441619
2000,200,9.861687
2000,200,10.137092
2000,200,10.250727
2000,200,10.198611
2000,200,10.105141
2000,200,11.023307
2000,200,10.491131
2000,200,10.381400
2000,200,10.297143
2000,200,10.396324
2000,200,10.912444
2000,200,10.729104
2000,200,9.990994
2000,200,10.341938
2000,200,9.939678
2000,200,10.171302
2000,200,10.293861
2000,200,10.522039
2000,200,11.133901
2000,200,9.870323
2000,200,9.718174
2000,200,9.652248
2000,200,10.278146
2000,200,9.894848
2000,200,10.591564
2000,200,9.995620
2000,200,9.887857
2000,200,10.017449
2000,200,10.248653
2000,200,10.577315
2000,200,10.588168
2000,200,10.364200
2000,200,10.542249
2000,200,9.823296
2000,200,9.441813
2000,200,11.198704
2000,200,10.842406
2000,200,10.721641
2000,200,10.372694
2000,200,9.519007
2000,200,10.005573
2000,200,10.156233
2000,200,10.309358
2000,200,10.396686
2000,200,10.105017
2000,200,10.522756
2000,200,10.231134
2000,200,10.667459
2000,200,10.068292
2000,200,10.404475
2000,200,10.439844
2000,200,10.267659
2000,200,9.621761
2000,200,10.202767
2000,200,10.296917
2000,200,10.277235
2000,200,10.197631
2000,200,10.568857
2000,200,9.687869
2000,200,10.079330
2000,200,10.038094
2000,200,10.325049
2000,200,10.624573
2000,200,10.562565
2000,200,9.856299
2000,200,10.654414
2000,200,11.091351
2000,200,10.045812
2000,200,10.237065
2000,200,10.442431
2000,200,10.617467
2000,200,10.057671
2000,200,10.095329
2000,200,10.868061
2000,200,9.830453
2000,200,10.078617
2000,200,10.170830
2000,200,10.429866
2000,200,10.300600
2000,200,10.125827
2000,200,10.301434
2000,200,10.591800
2000,200,10.000271
2000,200,10.028449
2000,200,10.597031
2000,200,10.590342
2000,200,10.112150
2000,200,10.045956
2000,200,9.793717
2000,200,9.914718
2000,200,10.205217
2000,200,9.735055
2000,200,10.167050
2000,200,9.917120
2000,200,10.127842
2000,200,10.185602
2000,200,9.952789
2000,200,10.275564
2000,200,10.298123
2000,200,10.476630
2000,200,9.735543
2000,200,10.678141
2000,200,10.012794
2000,200,10.086390
2000,200,10.134901
2000,200,10.319497
2000,200,10.505097
2000,200,10.304090
2000,200,10.115849
2000,200,9.500616
2000,200,10.432098
2000,200,10.093016
2000,200,10.492302
2000,200,10.223196
2000,200,10.312021
2000,200,9.911278
2000,200,9.844099
2000,200,9.600346
2000,200,10.446262
2000,200,9.914811
2000,200,10.246886
2000,200,10.302314
2000,200,10.215269
2000,200,9.716750
2000,200,10.142026
2000,200,9.802385
2000,200,10.504706
2000,200,10.627112
2000,200,10.970100
2000,200,10.241328
2000,200,10.387469
2000,200,10.183400
2000,200,10.058490
2000,200,10.076888
2000,200,9.927230
2000,200,10.554650
2000,200,10.531566
2000,200,10.186318
2000,200,10.166295
2000,200,9.982524
2000,200,10.581348
2000,200,10.442803
2000,200,10.325908
2000,200,10.304657
2000,200,10.641439
2000,300,11.480763
2000,300,11.541648
2000,300,12.427540
2000,300,11.097599
2000,300,11.356137
2000,300,11.506145
2000,300,11.271956
2000,300,12.058243
2000,300,11.755911
2000,300,12.067527
2000,300,11.772049
2000,300,11.606207
2000,300,11.655872
2000,300,11.883757
2000,300,12.037118
2000,300,11.381728
2000,300,11.494080
2000,300,12.228852
2000,300,11.466912
2000,300,11.029954
2000,300,11.757031
2000,300,12.416886
2000,300,11.370344
2000,300,11.602801
2000,300,11.275329
2000,300,11.701673
2000,300,11.077600
2000,300,11.893750
2000,300,10.877123
2000,300,11.092643
2000,300,11.185251
2000,300,11.749430
2000,300,11.559788
2000,300,11.257841
2000,300,11.116175
2000,300,11.456630
2000,300,11.116443
2000,300,11.818196
2000,300,11.208712
2000,300,10.992691
2000,300,11.127674
2000,300,11.519805
2000,300,11.867549
2000,300,11.705443
2000,300,11.604352
2000,300,12.027287
2000,300,11.296871
2000,300,11.113020
2000,300,11.287281
2000,300,11.340101
2000,300,10.885693
2000,300,11.188902
2000,300,10.573323
2000,300,11.848962
2000,300,11.452046
2000,300,11.835728
2000,300,11.953255
2000,300,11.558777
2000,300,11.960716
2000,300,10.429258
2000,300,11.520670
2000,300,12.110482
2000,300,11.277492
2000,300,11.665385
2000,300,11.466539
2000,300,11.915798
2000,300,11.588041
2000,300,11.743427
2000,300,11.841709
2000,300,11.283450
2000,300,12.545759
2000,300,11.300161
2000,300,11.436106
2000,300,11.577990
2000,300,11.589482
2000,300,11.403964
2000,300,11.322757
2000,300,12.098464
2000,300,12.117847
2000,300,10.214651
2000,300,11.385129
2000,300,11.483648
2000,300,11.282448
2000,300,11.343962
2000,300,11.502664
2000,300,11.234606
2000,300,11.539228
2000,300,12.458694
2000,300,11.510955
2000,300,11.839252
2000,300,11.508969
2000,300,11.353333
2000,300,12.257309
2000,300,11.418907
2000,300,11.537671
2000,300,12.094410
2000,300,11.598201
2000,300,11.772004
2000,300,11.023933
2000,300,11.595535
2000,300,11.333220
2000,300,11.033168
2000,300,11.250177
2000,300,11.833047
2000,300,12.005225
2000,300,11.710245
2000,300,11.468133
2000,300,11.603446
2000,300,12.127212
2000,300,11.154857
2000,300,11.904417
2000,300,11.626143
2000,300,11.299297
2000,300,11.914299
2000,300,11.050853
2000,300,11.378700
2000,300,10.950740
2000,300,11.394007
2000,300,11.534621
2000,300,11.882368
2000,300,11.520652
2000,300,11.394148
2000,300,11.872946
2000,300,10.761803
2000,300,10.896837
2000,300,10.687890
2000,300,11.886585
2000,300,11.506606
2000,300,11.224416
2000,300,10.850967
2000,300,10.585396
2000,300,10.863815
2000,300,11.981367
2000,300,11.158101
2000,300,11.173469
2000,300,11.826208
2000,300,11.657539
2000,300,11.408447
2000,300,12.018523
2000,300,11.067351
2000,300,11.378245
2000,300,11.609900
2000,300,11.630155
2000,300,10.980108
2000,300,11.880445
2000,300,10.893996
2000,300,11.604463
2000,300,10.722534
2000,300,11.394853
2000,300,11.244691
2000,300,11.563034
2000,300,11.265181
2000,300,10.679248
2000,300,11.603606
2000,300,11.825479
2000,300,11.680631
2000,300,10.787046
2000,300,12.019167
2000,300,11.264146
2000,300,11.285624
2000,300,11.860917
2000,300,11.929739
2000,300,11.603995
2000,300,11.732328
2000,300,12.105037
2000,300,12.518728
2000,300,12.349757
2000,300,11.443466
2000,300,10.935072
2000,300,12.419285
2000,300,11.991158
2000,300,12.159138
2000,300,12.077996
2000,300,11.411356
2000,300,11.852239
2000,300,11.954283
2000,300,12.127812
2000,300,11.931876
2000,300,10.593831
2000,300,11.983530
2000,300,12.101634
2000,300,11.803939
2000,300,12.195160
2000,300,11.079062
2000,300,11.227485
2000,300,12.072861
2000,300,12.497885
2000,300,11.953494
2000,300,11.928452
2000,300,12.656956
2000,300,11.327626
2000,300,11.695766
2000,300,11.771980
2000,300,10.759034
2000,300,11.959846
2000,300,11.377821
2000,300,11.715854
2000,300,11.497796
2000,300,11.356128
2000,300,12.093565
2000,300,12.096545
2000,300,12.029812
2000,300,11.968034
2000,300,11.609351
2000,300,11.470624
2000,300,11.369860
2000,300,10.673769
2000,300,11.237974
2000,300,11.733920
2000,300,11.306803
2000,300,12.158704
2000,300,11.962419
2000,300,10.785831
2000,300,10.733244
2000,300,11.829091
2000,300,10.545242
2000,300,11.019326
2000,300,11.662857
2000,300,11.617178
2000,300,12.327923
2000,300,10.545707
2000,300,12.096428
2000,300,12.080025
2000,300,11.739707
2000,300,11.331947
2000,300,11.491400
2000,300,12.104258
2000,300,12.027453
2000,300,11.571996
2000,300,12.360800
2000,300,11.414250
2000,300,12.018089
2000,300,11.707640
2000,300,11.736238
2000,300,11.720964
2000,300,12.310327
2000,300,11.842625
2000,300,11.159865
2000,300,11.607498
2000,300,11.774602
2000,300,12.237107
2000,300,10.816326
2000,300,11.153342
2000,300,11.359372
2000,300,11.561870
2000,300,11.003261
2000,300,12.265418
2000,300,11.691953
2000,300,11.257151
2000,300,11.744985
2000,300,11.796517
2000,300,11.684457
2000,300,12.375577
2000,300,10.975774
2000,300,11.746799
2000,300,11.311743
2000,300,10.948238
2000,300,10.801418
2000,300,11.514273
2000,300,11.522938
2000,300,10.959197
2000,300,11.909623
2000,300,12.148049
2000,300,11.200878
2000,300,11.211592
2000,300,11.268275
2000,300,11.002481
2000,300,11.667496
2000,300,11.370759
2000,300,11.342863
2000,300,11.619939
2000,300,11.792587
2000,300,10.619984
2000,300,11.280883
2000,300,11.175015
2000,300,11.356227
2000,300,11.651788
2000,300,11.984913
2000,300,11.270726
2000,300,11.416070
2000,300,11.136335
2000,300,11.272561
2000,300,11.392420
2000,300,11.821676
2000,300,11.747237
2000,300,11.224038
2000,300,11.605576
2000,300,11.662524
2000,300,11.151797
2000,300,11.602238
2000,300,11.072066
2000,300,11.566099
2000,300,11.327866
2000,300,10.501865
2000,300,10.728576
2000,300,11.414241
2000,300,11.946000
2000,300,10.745499
2000,300,11.684011
2000,300,10.647994
2000,300,11.764626
2000,300,11.549461
2000,300,11.156090
2000,300,10.766026
2000,300,11.066632
2000,300,11.081195
2000,300,11.160943
2000,300,11.768404
2000,300,11.358657
2000,300,11.875715
2000,300,11.191146
2000,300,11.186126
2000,300,11.157009
2000,300,11.817217
2000,300,11.423629
2000,300,11.989098
2000,300,11.401108
2000,300,10.711655
2000,300,10.892592
2000,300,11.663300
2000,300,11.761583
2000,300,11.494243
2000,300,11.623833
2000,300,11.875637
2000,300,11.390319
2000,300,12.347257
2000,300,11.324044
2000,300,11.616461
2000,300,11.771239
2000,300,11.727857
2000,300,11.540002
2000,300,12.018055
2000,300,11.923478
2000,300,11.812085
2000,300,11.845436
2000,300,11.458056
2000,300,11.625984
2000,300,11.215169
2000,300,12.308679
2000,300,11.339230
2000,300,11.829862
2000,300,11.851667
2000,300,11.712867
2000,300,11.373493
2000,300,11.997467
2000,300,11.664509
2000,300,11.351045
2000,300,11.766537
2000,300,11.430195
2000,300,12.070747
2000,300,11.656619
2000,300,12.688181
2000,300,11.989080
2000,300,11.664097
2000,300,11.482925
2000,300,11.642430
2000,300,11.758660
2000,300,10.938584
2000,300,11.613057
2000,300,11.007986
2000,300,11.669926
2000,300,11.497524
2000,300,10.996425
2000,300,11.310545
2000,300,10.944415
2000,300,11.511140
2000,300,11.059178
2000,300,10.793800
2000,300,10.655018
2000,300,11.831384
2000,300,11.755667
2000,300,10.946774
2000,300,12.160266
2000,300,11.489721
2000,300,10.694036
2000,300,11.829204
2000,300,11.670296
2000,300,11.575295
2000,300,10.876708
2000,300,11.370481
2000,300,10.962612
2000,300,11.460847
2000,300,11.439304
2000,300,11.784995
2000,300,10.748352
2000,300,11.227101
2000,300,11.266095
2000,300,11.275595
2000,300,12.011418
2000,300,12.131292
2000,300,11.554677
2000,300,11.416185
2000,300,11.186670
2000,300,11.310981
2000,300,11.322662
2000,300,11.057802
2000,300,11.269068
2000,300,11.423332
2000,300,12.214219
2000,300,11.413799
2000,400,46.389528
2000,400,45.908166
2000,400,46.481550
2000,400,48.408339
2000,400,46.784284
2000,400,47.523449
2000,400,49.316014
2000,400,49.110398
2000,400,46.015622
2000,400,48.303192
2000,400,48.726648
2000,400,44.047585
2000,400,47.534864
2000,400,46.111538
2000,400,50.219023
2000,400,48.012290
2000,400,45.460035
2000,400,48.553867
2000,400,48.454017
2000,400,47.383792
2000,400,47.413463
2000,400,46.371751
2000,400,45.336645
2000,400,49.063293
2000,400,49.768964
2000,400,50.261046
2000,400,47.047692
2000,400,47.443199
2000,400,48.585839
2000,400,47.113447
2000,400,48.507786
2000,400,44.518124
2000,400,46.013333
2000,400,44.989609
2000,400,42.747576
2000,400,48.155997
2000,400,48.811540
2000,400,49.810299
2000,400,44.268462
2000,400,47.608323
2000,400,48.325932
2000,400,45.648835
2000,400,47.249493
2000,400,45.880491
2000,400,44.956470
2000,400,44.984173
2000,400,42.969545
2000,400,44.715000
2000,400,45.392527
2000,400,44.643001
2000,400,46.027002
2000,400,49.115741
2000,400,47.682041
2000,400,48.294508
2000,400,42.980929
2000,400,46.477056
2000,400,47.518175
2000,400,48.629069
2000,400,45.468598
2000,400,45.515883
2000,400,46.207446
2000,400,48.565310
2000,400,48.898995
2000,400,48.837857
2000,400,50.376536
2000,400,47.182802
2000,400,48.551154
2000,400,46.801752
2000,400,49.343178
2000,400,48.639739
2000,400,50.412210
2000,400,48.786926
2000,400,44.469260
2000,400,47.714011
2000,400,44.629518
2000,400,47.186026
2000,400,51.274544
2000,400,47.646009
2000,400,45.564940
2000,400,45.372697
2000,400,48.998719
2000,400,50.284475
2000,400,46.212280
2000,400,45.219865
2000,400,48.167823
2000,400,47.652169
2000,400,48.511148
2000,400,49.365241
2000,400,49.828538
2000,400,49.169911
2000,400,47.944919
2000,400,48.746530
2000,400,44.494743
2000,400,42.703416
2000,400,48.728856
2000,400,49.270961
2000,400,50.117571
2000,400,49.145005
2000,400,46.153602
2000,400,50.613203
2000,400,47.678528
2000,400,50.436622
2000,400,46.018424
2000,400,47.424717
2000,400,49.294867
2000,400,50.073071
2000,400,48.621563
2000,400,48.790567
2000,400,48.681885
2000,400,45.874361
2000,400,48.262682
2000,400,49.120832
2000,400,46.192421
2000,400,50.755562
2000,400,49.625018
2000,400,47.683970
2000,400,48.028613
2000,400,46.942775
2000,400,47.112483
2000,400,45.878351
2000,400,46.091866
2000,400,44.926368
2000,400,47.539398
2000,400,45.891470
2000,400,48.629485
2000,400,46.166992
2000,400,46.471604
2000,400,47.804337
2000,400,48.338617
2000,400,44.389126
2000,400,50.725885
2000,400,44.550306
2000,400,46.399884
2000,400,48.846572
2000,400,46.047929
2000,400,48.926058
2000,400,46.456441
2000,400,49.763467
2000,400,45.309153
2000,400,48.134264
2000,400,44.009941
2000,400,48.417398
2000,400,49.762100
2000,400,47.740211
2000,400,48.866162
2000,400,47.554441
2000,400,45.439636
2000,400,46.247145
2000,400,46.033017
2000,400,46.964091
2000,400,47.951248
2000,400,47.731708
2000,400,44.318722
2000,400,48.390358
2000,400,48.805698
2000,400,48.166465
2000,400,46.843959
2000,400,49.501421
2000,400,50.562673
2000,400,47.653610
2000,400,51.019096
2000,400,49.327854
2000,400,47.352582
2000,400,49.357067
2000,400,47.683005
2000,400,49.730059
2000,400,51.302456
2000,400,49.473526
2000,400,49.452643
2000,400,44.776249
2000,400,49.562281
2000,400,45.982177
2000,400,52.637255
2000,400,48.831977
2000,400,48.823493
2000,400,48.297157
2000,400,50.509266
2000,400,47.359257
2000,400,51.125816
2000,400,47.033019
2000,400,49.832581
2000,400,47.320147
2000,400,48.399886
2000,400,50.677053
2000,400,49.848201
2000,400,51.907036
2000,400,49.375860
2000,400,49.407438
2000,400,51.543188
2000,400,50.062868
2000,400,52.173463
2000,400,49.112270
2000,400,48.349618
2000,400,47.262460
2000,400,47.441038
2000,400,48.041933
2000,400,45.746280
2000,400,48.503452
2000,400,50.476674
2000,400,47.399379
2000,400,50.167007
2000,400,49.827066
2000,400,47.144959
2000,400,49.408874
2000,400,50.256722
2000,400,48.603902
2000,400,52.601557
2000,400,48.677711
2000,400,48.558795
2000,400,49.963905
2000,400,46.295454
2000,400,46.844442
2000,400,46.403731
2000,400,51.055992
2000,400,50.317974
2000,400,48.575620
2000,400,48.437468
2000,400,47.948695
2000,400,47.011087
2000,400,47.443636
2000,400,49.965036
2000,400,50.814014
2000,400,49.229054
2000,400,49.719912
2000,400,48.408985
2000,400,49.004981
2000,400,48.751852
2000,400,49.326540
2000,400,46.970148
2000,400,47.651990
2000,400,50.791768
2000,400,47.592157
2000,400,48.186997
2000,400,46.818930
2000,400,48.286489
2000,400,49.602270
2000,400,51.251186
2000,400,47.806910
2000,400,48.989378
2000,400,52.718801
2000,400,50.060234
2000,400,46.623021
2000,400,46.029517
2000,400,45.347089
2000,400,43.385765
2000,400,46.796767
2000,400,50.348356
2000,400,46.347138
2000,400,47.425171
2000,400,46.699297
2000,400,47.085633
2000,400,51.146490
2000,400,49.784711
2000,400,49.106305
2000,400,47.420507
2000,400,48.969660
2000,400,50.953826
2000,400,46.096797
2000,400,49.334152
2000,400,44.785503
2000,400,48.079586
2000,400,47.242129
2000,400,46.954056
2000,400,47.775899
2000,400,47.673843
2000,400,47.488578
2000,400,45.964616
2000,400,48.106578
2000,400,48.474409
2000,400,45.470127
2000,400,47.543634
2000,400,48.791254
2000,400,48.118433
2000,400,48.759204
2000,400,48.827074
2000,400,49.954072
2000,400,45.491249
2000,400,44.233999
2000,400,49.496650
2000,400,48.747102
2000,400,48.833810
2000,400,45.780127
2000,400,49.099928
2000,400,47.104831
2000,400,46.142422
2000,400,44.496555
2000,400,45.374227
2000,400,47.059823
2000,400,47.993141
2000,400,46.522631
2000,400,45.271501
2000,400,45.763971
2000,400,47.504335
2000,400,49.573747
2000,400,48.349119
2000,400,46.441425
2000,400,45.059843
2000,400,48.647960
2000,400,47.641797
2000,400,43.299246
2000,400,45.630919
2000,400,47.412398
2000,400,47.386282
2000,400,46.964736
2000,400,46.244892
2000,400,45.620199
2000,400,46.847157
2000,400,45.396665
2000,400,46.382765
2000,400,47.314967
2000,400,45.533952
2000,400,47.921844
2000,400,45.551926
2000,400,48.544656
2000,400,48.164405
2000,400,45.487179
2000,400,45.705089
2000,400,48.976822
2000,400,47.269796
2000,400,48.476954
2000,400,49.510851
2000,400,47.504295
2000,400,49.070598
2000,400,47.034625
2000,400,50.426766
2000,400,49.086846
2000,400,52.343353
2000,400,50.421776
2000,400,50.608274
2000,400,47.593958
2000,400,47.780962
2000,400,51.270696
2000,400,47.080327
2000,400,49.300020
2000,400,50.564686
2000,400,46.186151
2000,400,45.491079
2000,400,47.418881
2000,400,47.213259
2000,400,50.997911
2000,400,48.671900
2000,400,49.986280
2000,400,48.874795
2000,400,49.623682
2000,400,46.253975
2000,400,47.468026
2000,400,50.702308
2000,400,50.693351
2000,400,48.125728
2000,400,45.464125
2000,400,45.802461
2000,400,48.956069
2000,400,49.796714
2000,400,48.278273
2000,400,47.950594
2000,400,50.030303
2000,400,46.941484
2000,400,51.141776
2000,400,48.121426
2000,400,47.046711
2000,400,47.875426
2000,400,48.655142
2000,400,51.236609
2000,400,50.024782
2000,400,49.848256
2000,400,48.547587
2000,400,46.900078
2000,400,48.456446
2000,400,44.024313
2000,400,44.084707
2000,400,47.242109
2000,400,49.167453
2000,400,43.961164
2000,400,50.499121
2000,400,49.343999
2000,400,47.040363
2000,400,49.036112
2000,400,50.173668
2000,400,49.030555
2000,400,48.844536
2000,400,48.146384
2000,400,50.550792
2000,400,46.302839
2000,400,50.309024
2000,400,51.536630
2000,400,47.821892
2000,400,43.795093
2000,400,47.292177
2000,400,47.549419
2000,400,49.198142
2000,400,47.038968
2000,400,47.366497
2000,400,48.592864
2000,400,48.348143
2000,400,44.341454
2000,400,48.713317
2000,400,45.372765
2000,400,45.082217
2000,400,47.348964
2000,400,49.071688
2000,400,11.825203
2000,400,11.722460
2000,400,12.434207
2000,400,11.865180
2000,400,11.088927
2000,400,12.868923
2000,400,12.023515
2000,400,11.947691
2000,400,11.964672
2000,400,12.275426
2000,400,12.393695
2000,400,11.182921
2000,400,12.453836
2000,400,12.378291
2000,400,12.112297
2000,400,11.775540
2000,400,11.917870
2000,400,12.454707
2000,400,11.998250
2000,400,12.005233
2000,400,11.721646
2000,400,12.263664
2000,400,11.536580
2000,400,12.124558
2000,400,11.155716
2000,400,12.062458
2000,400,11.804156
2000,400,12.313363
2000,400,11.854289
2000,400,11.752354
2000,400,11.820268
2000,400,11.451341
2000,400,11.894791
2000,400,10.972434
2000,400,11.978929
2000,400,11.752056
2000,400,12.489077
2000,400,12.124185
2000,400,12.129946
2000,400,11.719157
2000,400,12.080775
2000,400,12.060796
2000,400,10.706567
2000,400,12.182772
2000,400,11.820183
2000,400,11.960446
2000,400,12.334933
2000,400,12.195609
2000,400,11.625772
2000,400,12.518968
2000,400,11.851558
2000,400,11.048186
2000,400,11.566674
2000,400,12.234698
2000,400,11.490018
2000,400,11.851359
2000,400,11.485781
2000,400,11.912917
2000,400,11.489272
2000,400,11.442095
2000,400,11.623195
2000,400,11.158303
2000,400,11.045684
2000,400,11.585355
2000,400,11.427504
2000,400,12.329475
2000,400,12.174167
2000,400,11.358438
2000,400,12.241850
2000,400,11.413873
2000,400,11.067613
2000,400,12.076288
2000,400,11.883644
2000,400,11.784153
2000,400,11.796193
2000,400,11.415425
2000,400,11.685039
2000,400,11.690563
2000,400,11.683901
2000,400,11.520479
2000,400,11.153973
2000,400,10.924558
2000,400,11.580063
2000,400,11.418203
2000,400,10.660615
2000,400,11.238239
2000,400,10.643156
2000,400,10.817435
2000,400,10.657708
2000,400,10.807451
2000,400,11.311434
2000,400,11.644920
2000,400,11.016285
2000,400,11.340294
2000,400,11.722044
2000,400,11.706001
2000,400,11.322547
2000,400,11.226999
2000,400,11.203381
2000,400,11.529484
2000,400,11.351022
2000,400,11.384190
2000,400,11.165410
2000,400,11.223149
2000,400,10.764943
2000,400,10.676859
2000,400,11.304412
2000,400,11.129330
2000,400,11.618094
2000,400,11.071178
2000,400,10.866380
2000,400,11.006128
2000,400,11.436704
2000,400,11.051002
2000,400,10.894379
2000,400,11.277221
2000,400,10.760812
2000,400,11.209693
2000,400,11.168256
2000,400,10.713268
2000,400,11.846176
2000,400,11.642794
2000,400,11.309839
2000,400,10.106823
2000,400,10.867371
2000,400,11.667039
2000,400,10.884956
2000,400,10.408365
2000,400,10.777523
2000,400,11.258375
2000,400,10.875676
2000,400,10.600263
2000,400,10.510222
2000,400,10.971847
2000,400,11.170163
2000,400,10.814942
2000,400,10.970672
2000,400,10.218651
2000,400,11.639396
2000,400,10.763749
2000,400,11.521067
2000,400,10.754699
2000,400,10.514148
2000,400,10.386559
2000,400,10.576553
2000,400,11.793383
2000,400,11.426738
2000,400,10.885752
2000,400,10.966243
2000,400,10.630497
2000,400,10.529522
2000,400,10.681834
2000,400,11.310286
2000,400,11.947759
2000,400,11.504641
2000,400,11.088991
2000,400,10.669897
2000,400,11.399416
2000,400,12.187070
2000,400,11.035806
2000,400,11.290048
2000,400,11.318936
2000,400,10.335757
2000,400,10.551653
2000,400,10.395513
2000,400,11.234917
2000,400,10.875155
2000,400,10.463735
2000,400,11.271672
2000,400,11.268495
2000,400,11.083420
2000,400,11.099182
2000,400,11.230822
2000,400,10.606382
2000,400,10.915712
2000,400,11.003773
2000,400,10.975767
2000,400,12.008745
2000,400,11.497089
2000,400,11.679664
2000,400,11.751979
2000,400,10.531012
2000,400,11.741572
2000,400,10.781656
2000,400,11.784061
2000,400,11.356663
2000,400,11.262390
2000,400,10.909910
2000,400,10.915781
2000,400,11.399474
2000,400,10.637415
2000,400,11.096976
2000,400,11.389732
2000,400,11.039830
2000,400,11.023134
2000,400,11.056822
2000,400,10.853047
2000,400,10.087844
2000,400,11.281455
2000,400,10.504874
2000,400,11.030443
2000,400,10.895677
2000,400,10.575756
2000,400,10.730369
2000,400,11.232951
2000,400,11.262381
2000,400,11.152394
2000,400,11.666443
2000,400,10.340684
2000,400,11.065973
2000,400,10.901029
2000,400,10.698458
2000,400,10.296202
2000,400,10.939204
2000,400,10.618958
2000,400,10.773323
2000,400,10.554691
2000,400,11.011683
2000,400,10.925380
2000,400,10.663922
2000,400,11.493154
2000,400,10.577999
2000,400,10.649484
2000,400,11.676271
2000,400,10.639582
2000,400,11.297548
2000,400,10.962589
2000,400,11.021005
2000,400,10.759412
2000,400,11.282663
2000,400,10.715832
2000,400,11.177754
2000,400,11.482131
2000,400,11.092295
2000,400,10.881113
2000,400,10.800596
2000,400,11.295501
2000,400,10.445317
2000,400,11.004229
2000,400,11.129732
2000,400,10.661864
2000,400,11.697023
2000,400,12.232129
2000,400,11.375038
2000,400,11.290167
2000,400,11.691642
2000,400,11.031985
2000,400,11.961943
2000,400,11.585537
2000,400,11.022949
2000,400,12.415689
2000,400,11.630118
2000,400,11.311575
2000,400,10.707299
2000,400,11.770838
2000,400,11.455284
2000,400,10.983578
2000,400,11.229266
2000,400,11.438198
2000,400,11.387173
2000,400,11.513731
2000,400,10.867528
2000,400,10.949476
2000,400,11.298456
2000,400,12.487711
2000,400,11.437200
2000,400,12.338932
2000,400,11.628691
2000,400,11.239781
2000,400,11.241373
2000,400,10.804875
2000,400,10.558347
2000,400,12.575678
2000,400,11.349262
2000,400,10.910514
2000,400,11.837994
2000,400,11.179940
2000,400,11.619964
2000,400,11.988691
2000,400,11.289522
2000,400,11.279370
2000,400,11.001276
2000,400,11.635921
2000,400,11.842131
2000,400,11.886896
2000,400,11.017609
2000,400,11.817828
2000,400,11.609376
2000,400,11.367391
2000,400,11.575769
2000,400,11.392254
2000,400,11.246251
2000,400,11.285718
2000,400,11.935291
2000,400,10.904248
2000,400,11.379158
2000,400,11.166805
2000,400,11.033974
2000,400,11.340582
2000,400,11.576200
2000,400,11.185545
2000,400,11.245333
2000,400,11.152109
2000,400,10.950931
2000,400,11.309402
2000,400,11.414984
2000,400,11.922824
2000,400,11.402084
2000,400,12.053153
2000,400,11.665509
2000,400,11.621130
2000,400,12.003551
2000,400,11.340347
2000,400,11.318787
2000,400,11.083208
2000,400,11.641859
2000,400,11.681015
2000,400,11.372703
2000,400,11.994822
2000,400,11.127970
2000,400,11.935072
2000,400,10.480193
2000,400,11.094668
2000,400,11.523143
2000,400,11.747137
2000,400,11.922960
2000,400,11.889079
2000,400,11.710998
2000,400,11.667511
2000,400,12.481489
2000,400,11.913062
2000,400,11.334058
2000,400,11.161669
2000,400,11.363649
2000,400,11.888409
2000,400,11.740808
2000,400,12.034576
2000,400,11.423033
2000,400,12.145429
2000,400,11.411466
2000,400,11.354653
2000,400,10.731308
2000,400,11.147141
2000,400,11.952994
2000,400,11.909398
2000,400,11.708604
2000,400,11.735329
2000,400,11.430768
2000,400,11.962176
2000,400,11.619966
2000,400,11.698030
2000,400,10.748005
2000,400,11.915611
2000,400,11.654313
2000,400,11.276446
2000,400,11.412421
2000,400,11.314550
2000,400,11.849685
2000,400,11.548568
2000,400,11.581361
2000,400,11.678201
2000,400,11.465647
2000,400,10.972911
2000,400,10.996984
2000,400,11.027278
2000,400,11.432791
2000,400,12.083339
2000,400,11.506763
2000,400,11.696643
2000,400,11.377016
2000,400,12.033369
2000,400,11.216780
2000,400,11.406170
2000,400,10.813875
2000,400,11.319016
2000,400,11.414263
2000,400,11.110442
2000,400,11.541119
2000,400,11.376478
2000,400,12.003573
2000,400,11.160382
2000,400,11.863710
2000,400,11.349363
2000,400,11.108011
2000,400,11.510715
2000,400,10.958271
2000,400,11.760684
2000,400,11.292713
2000,400,11.527603
2000,400,11.731726
2000,400,11.993854
2000,400,11.948194
2000,400,11.817915
2000,400,11.027085
2000,400,11.873522
2000,400,11.750288
2000,400,11.346117
2000,400,11.381674
2000,400,11.257524
2000,400,11.494527
2000,500,50.105512
2000,500,47.315604
2000,500,47.781432
2000,500,51.111467
2000,500,49.665171
2000,500,50.213506
2000,500,52.348151
2000,500,50.264818
2000,500,50.426896
2000,500,45.892830
2000,500,48.637860
2000,500,49.188510
2000,500,49.050882
2000,500,47.290529
2000,500,45.534560
2000,500,48.976502
2000,500,51.082016
2000,500,49.063981
2000,500,50.162284
2000,500,51.528434
2000,500,48.793229
2000,500,51.704663
2000,500,49.832789
2000,500,48.587243
2000,500,49.012720
2000,500,47.635006
2000,500,49.926473
2000,500,48.535151
2000,500,48.256784
2000,500,50.515755
2000,500,48.840337
2000,500,52.801333
2000,500,47.844381
2000,500,48.424326
2000,500,46.987353
2000,500,48.835662
2000,500,49.388533
2000,500,52.308842
2000,500,48.489990
2000,500,46.609539
2000,500,50.226422
2000,500,48.758954
2000,500,46.796067
2000,500,50.923627
2000,500,49.990659
2000,500,49.114248
2000,500,46.768963
2000,500,50.315067
2000,500,47.774137
2000,500,50.799844
2000,500,50.344008
2000,500,49.590883
2000,500,47.542227
2000,500,47.645681
2000,500,48.791688
2000,500,51.055689
2000,500,45.792177
2000,500,47.740804
2000,500,45.631200
2000,500,49.768463
2000,500,47.451501
2000,500,48.137072
2000,500,46.795355
2000,500,45.298125
2000,500,49.678635
2000,500,48.899010
2000,500,46.824487
2000,500,47.462511
2000,500,47.477411
2000,500,48.610352
2000,500,45.633177
2000,500,47.566946
2000,500,50.064943
2000,500,49.545598
2000,500,50.450242
2000,500,48.009185
2000,500,50.964417
2000,500,50.220185
2000,500,49.883952
2000,500,48.046101
2000,500,53.792486
2000,500,48.800000
2000,500,51.413501
2000,500,48.541842
2000,500,51.372554
2000,500,49.368073
2000,500,51.047138
2000,500,50.482666
2000,500,54.540757
2000,500,49.899021
2000,500,52.255560
2000,500,51.304658
2000,500,52.608049
2000,500,49.717024
2000,500,53.137291
2000,500,49.276268
2000,500,54.416636
2000,500,47.756517
2000,500,53.477706
2000,500,50.431602
2000,500,53.528757
2000,500,49.936544
2000,500,51.160320
2000,500,48.828525
2000,500,50.056724
2000,500,47.673094
2000,500,49.755463
2000,500,52.600371
2000,500,52.232475
2000,500,51.737965
2000,500,51.008752
2000,500,48.715800
2000,500,52.567490
2000,500,50.846134
2000,500,52.320139
2000,500,46.007910
2000,500,49.522582
2000,500,50.230320
2000,500,52.802251
2000,500,49.771747
2000,500,50.427700
2000,500,50.343629
2000,500,51.491737
2000,500,54.549069
2000,500,48.993994
2000,500,52.453217
2000,500,48.554558
2000,500,48.209727
2000,500,49.809211
2000,500,50.280751
2000,500,47.620864
2000,500,50.352115
2000,500,50.414196
2000,500,50.986034
2000,500,50.773403
2000,500,48.734147
2000,500,50.409012
2000,500,52.006581
2000,500,49.434283
2000,500,50.557346
2000,500,46.829659
2000,500,49.294704
2000,500,50.494558
2000,500,52.805018
2000,500,50.995924
2000,500,52.056256
2000,500,49.649389
2000,500,49.290488
2000,500,49.164550
2000,500,49.610102
2000,500,51.359362
2000,500,50.527649
2000,500,49.928580
2000,500,47.902269
2000,500,50.684221
2000,500,49.572273
2000,500,50.022815
2000,500,50.134709
2000,500,52.237497
2000,500,51.022937
2000,500,52.851126
2000,500,50.956764
2000,500,52.716887
2000,500,52.470552
2000,500,49.103318
2000,500,49.014316
2000,500,50.139169
2000,500,48.057684
2000,500,51.731076
2000,500,49.662934
2000,500,49.471155
2000,500,50.446097
2000,500,47.984547
2000,500,51.434804
2000,500,48.624564
2000,500,50.126137
2000,500,52.782042
2000,500,51.439788
2000,500,50.097593
2000,500,51.100475
2000,500,52.609545
2000,500,50.729907
2000,500,50.831249
2000,500,49.970851
2000,500,48.362680
2000,500,51.024526
2000,500,49.535600
2000,500,51.668633
2000,500,50.592367
2000,500,50.928965
2000,500,50.614488
2000,500,48.536313
2000,500,49.786363
2000,500,47.382102
2000,500,47.795945
2000,500,48.614793
2000,500,49.144453
2000,500,51.619571
2000,500,51.102502
2000,500,49.444340
2000,500,50.477609
2000,500,52.119754
2000,500,48.568710
2000,500,53.837165
2000,500,49.640675
2000,500,48.123277
2000,500,50.122877
2000,500,47.393096
2000,500,46.789840
2000,500,46.896597
2000,500,49.948871
2000,500,47.582432
2000,500,49.503684
2000,500,49.616951
2000,500,48.967476
2000,500,49.344957
2000,500,47.561214
2000,500,49.690598
2000,500,50.857353
2000,500,48.370840
2000,500,49.036630
2000,500,49.263545
2000,500,48.900933
2000,500,46.769379
2000,500,50.120468
2000,500,49.364977
2000,500,50.820312
2000,500,46.649512
2000,500,50.814127
2000,500,52.063149
2000,500,49.074495
2000,500,46.160628
2000,500,49.693593
2000,500,52.052317
2000,500,48.456945
2000,500,49.278464
2000,500,49.824800
2000,500,51.608638
2000,500,49.506640
2000,500,50.615130
2000,500,48.843485
2000,500,53.463497
2000,500,49.449993
2000,500,51.584708
2000,500,49.093200
2000,500,51.195245
2000,500,43.615578
2000,500,49.641391
2000,500,48.097279
2000,500,49.693087
2000,500,52.010261
2000,500,48.028424
2000,500,49.146128
2000,500,49.762729
2000,500,50.102785
2000,500,52.305908
2000,500,49.102123
2000,500,49.279087
2000,500,50.702965
2000,500,51.274059
2000,500,49.968162
2000,500,50.060616
2000,500,45.596581
2000,500,47.513446
2000,500,50.067793
2000,500,47.578857
2000,500,50.075058
2000,500,48.655640
2000,500,47.064748
2000,500,48.360514
2000,500,52.959534
2000,500,49.433305
2000,500,46.794026
2000,500,46.478195
2000,500,51.483460
2000,500,48.406052
2000,500,52.336907
2000,500,49.946176
2000,500,48.143333
2000,500,45.831140
2000,500,47.858330
2000,500,49.176521
2000,500,50.200479
2000,500,47.799463
2000,500,51.181615
2000,500,47.619529
2000,500,46.433098
2000,500,47.080109
2000,500,47.811987
2000,500,46.995064
2000,500,48.070384
2000,500,51.663617
2000,500,48.223767
2000,500,49.746689
2000,500,48.614523
2000,500,49.112008
2000,500,52.432353
2000,500,49.260271
2000,500,50.686376
2000,500,48.271617
2000,500,52.354663
2000,500,50.523765
2000,500,50.360043
2000,500,52.868445
2000,500,46.605642
2000,500,48.921668
2000,500,46.473365
2000,500,49.383779
2000,500,52.839626
2000,500,50.437620
2000,500,48.018375
2000,500,48.231548
2000,500,48.658328
2000,500,48.021348
2000,500,50.579465
2000,500,50.746352
2000,500,52.550900
2000,500,49.854678
2000,500,48.069448
2000,500,50.396765
2000,500,50.555420
2000,500,49.903298
2000,500,50.513176
2000,500,46.988172
2000,500,50.198515
2000,500,52.251862
2000,500,53.484533
2000,500,49.371411
2000,500,51.604114
2000,500,50.811341
2000,500,48.589924
2000,500,49.253867
2000,500,47.719908
2000,500,49.698193
2000,500,53.491856
2000,500,48.402341
2000,500,49.302272
2000,500,49.733021
2000,500,48.541548
2000,500,49.517830
2000,500,50.221005
2000,500,49.028944
2000,500,50.125034
2000,500,48.437315
2000,500,51.084952
2000,500,49.629209
2000,500,52.268752
2000,500,48.961962
2000,500,49.559352
2000,500,51.201098
2000,500,47.346119
2000,500,45.672810
2000,500,47.716297
2000,500,49.441972
2000,500,53.267416
2000,500,48.714524
2000,500,49.686660
2000,500,49.218446
2000,500,47.819085
2000,500,49.997769
2000,500,48.118443
2000,500,47.111903
2000,500,49.224832
2000,500,51.251725
2000,500,48.699539
2000,500,49.825973
2000,500,50.040873
2000,500,47.987202
2000,500,46.986797
2000,500,48.898694
2000,500,52.275895
2000,500,49.475653
2000,500,46.222026
2000,500,47.858334
2000,500,49.540656
2000,500,51.471809
2000,500,50.019145
2000,500,51.389973
2000,500,48.308841
2000,500,48.563657
2000,500,50.708268
2000,500,49.471663
2000,500,51.217868
2000,500,49.541865
2000,500,48.974343
2000,500,48.087604
2000,500,52.360896
2000,500,46.326365
2000,500,51.964484
2000,500,48.797322
2000,500,51.484338
2000,500,48.977135
2000,500,49.038216
2000,500,46.236394
2000,500,50.934060
2000,500,49.203081
2000,500,50.357636
2000,500,47.929175
2000,500,49.556877
2000,500,52.266815
2500,100,67.643884
2500,100,66.113248
2500,100,68.219566
2500,100,69.079974
2500,100,67.244033
2500,100,66.199243
2500,100,66.813615
2500,100,68.937793
2500,100,67.606683
2500,100,69.609086
2500,100,68.745178
2500,100,67.059047
2500,100,69.060723
2500,100,69.362764
2500,100,68.813034
2500,100,66.863795
2500,100,68.240709
2500,100,67.267182
2500,100,69.054233
2500,100,65.961551
2500,100,67.838757
2500,100,67.888118
2500,100,66.582312
2500,100,67.535651
2500,100,65.967179
2500,100,65.830601
2500,100,69.043858
2500,100,68.500284
2500,100,66.455776
2500,100,68.041797
2500,100,68.575871
2500,100,69.389143
2500,100,66.245285
2500,100,65.887393
2500,100,68.352596
2500,100,66.072472
2500,100,66.436526
2500,100,69.035523
2500,100,67.371906
2500,100,69.397706
2500,100,68.194752
2500,100,69.005456
2500,100,67.192098
2500,100,69.228657
2500,100,67.009297
2500,100,68.631210
2500,100,65.798715
2500,100,69.043972
2500,100,68.202765
2500,100,67.242843
2500,100,69.401917
2500,100,69.052655
2500,100,69.602358
2500,100,69.338093
2500,100,69.014242
2500,100,66.583523
2500,100,68.406967
2500,100,67.860243
2500,100,68.575169
2500,100,67.169095
2500,100,67.321788
2500,100,67.291307
2500,100,69.392506
2500,100,67.843433
2500,100,66.465233
2500,100,65.917568
2500,100,69.282604
2500,100,68.244899
2500,100,67.597954
2500,100,66.339365
2500,100,68.467177
2500,100,65.764192
2500,100,66.353472
2500,100,66.829597
2500,100,66.998048
2500,100,67.681291
2500,100,68.833978
2500,100,68.795721
2500,100,65.716449
2500,100,66.032524
2500,100,66.632405
2500,100,67.986268
2500,100,69.437246
2500,100,67.324047
2500,100,67.072145
2500,100,66.656707
2500,100,66.736622
2500,100,66.075542
2500,100,67.054459
2500,100,68.135913
2500,100,68.262612
2500,100,67.841183
2500,100,67.997807
2500,100,67.345012
2500,100,68.886448
2500,100,67.858901
2500,100,69.107596
2500,100,67.450501
2500,100,65.977083
2500,100,68.635378
2500,100,67.010924
2500,100,67.925247
2500,100,66.758395
2500,100,67.923311
2500,100,68.986269
2500,100,68.141210
2500,100,66.182296
2500,100,67.009156
2500,100,68.691124
2500,100,65.996421
2500,100,65.944007
2500,100,67.412321
2500,100,69.728181
2500,100,69.497100
2500,100,69.507735
2500,100,69.382395
2500,100,67.565250
2500,100,68.895344
2500,100,66.591934
2500,100,69.736438
2500,100,68.925528
2500,100,67.286086
2500,100,67.037617
2500,100,69.101706
2500,100,66.739800
2500,100,66.498361
2500,100,67.504572
2500,100,66.886390
2500,100,66.457850
2500,100,65.924707
2500,100,65.770843
2500,100,67.101141
2500,100,67.217998
2500,100,68.319554
2500,100,69.622785
2500,100,66.913657
2500,100,66.925564
2500,100,69.518628
2500,100,67.692732
2500,100,67.276847
2500,100,66.164154
2500,100,68.925439
2500,100,68.374260
2500,100,66.505715
2500,100,69.161391
2500,100,67.481981
2500,100,65.768783
2500,100,68.796712
2500,100,65.889146
2500,100,69.142007
2500,100,66.332928
2500,100,69.537568
2500,100,67.859283
2500,100,66.878824
2500,100,68.328121
2500,100,69.717496
2500,100,68.555799
2500,100,69.749679
2500,100,67.619807
2500,100,69.196829
2500,100,68.706052
2500,100,67.962733
2500,100,69.342113
2500,100,68.565554
2500,100,66.795654
2500,100,66.939209
2500,100,68.337330
2500,100,68.151554
2500,100,69.044811
2500,100,67.719658
2500,100,68.902115
2500,100,66.544133
2500,100,68.590807
2500,100,68.606240
2500,100,66.111085
2500,100,69.038436
2500,100,69.243967
2500,100,67.163982
2500,100,67.052894
2500,100,67.902481
2500,100,67.148793
2500,100,66.744182
2500,100,66.973490
2500,100,66.074704
2500,100,67.908685
2500,100,66.092023
2500,100,69.370269
2500,100,66.694768
2500,100,67.059762
2500,100,67.053366
2500,100,66.838580
2500,100,67.596820
2500,100,69.525048
2500,100,67.136847
2500,100,66.038817
2500,100,67.668476
2500,100,69.220945
2500,100,66.039488
2500,100,65.962399
2500,100,67.476995
2500,100,68.707993
2500,100,67.180514
2500,100,69.328234
2500,100,68.713798
2500,100,66.363179
2500,100,69.558959
2500,100,67.637220
2500,100,68.411220
2500,100,68.940080
2500,100,67.950993
2500,100,67.333346
2500,100,66.414395
2500,100,68.562512
2500,100,68.716111
2500,100,67.906229
2500,100,69.306998
2500,100,68.819308
2500,100,67.125596
2500,100,67.842838
2500,100,66.971089
2500,100,67.284760
2500,100,66.555480
2500,100,68.291962
2500,100,68.424727
2500,100,66.619466
2500,100,67.274474
2500,100,68.918488
2500,100,68.550708
2500,100,68.561031
2500,100,69.751585
2500,100,67.184072
2500,100,66.118861
2500,100,66.618771
2500,100,66.971973
2500,100,68.454371
2500,100,67.913717
2500,100,66.910880
2500,100,66.940559
2500,100,69.685512
2500,100,65.899954
2500,100,67.310059
2500,100,65.764974
2500,100,68.654684
2500,100,69.591073
2500,100,69.291374
2500,100,67.516376
2500,100,68.257257
2500,100,68.231409
2500,100,69.233257
2500,100,68.850183
2500,100,69.590026
2500,100,66.432145
2500,100,66.730018
2500,100,67.703180
2500,100,66.623947
2500,100,65.904697
2500,100,68.892431
2500,100,66.009444
2500,100,66.203382
2500,100,67.254761
2500,100,68.795468
2500,100,68.188977
2500,100,67.975291
2500,100,68.226456
2500,100,67.138987
2500,100,68.498650
2500,100,69.020501
2500,100,67.707312
2500,100,67.723885
2500,100,69.287461
2500,100,66.272116
2500,100,69.659852
2500,100,69.005112
2500,100,66.178225
2500,100,66.910367
2500,100,65.778859
2500,100,68.119722
2500,100,68.739006
2500,100,69.392422
2500,100,66.052583
2500,100,69.401549
2500,100,67.754496
2500,100,66.502579
2500,100,66.318377
2500,100,69.087670
2500,100,66.363364
2500,100,69.136684
2500,100,69.329960
2500,100,65.800058
2500,100,65.736481
2500,100,66.681988
2500,100,67.394033
2500,100,68.891137
2500,100,66.316901
2500,100,67.154201
2500,100,67.758684
2500,100,67.625376
2500,100,68.184148
2500,100,68.489934
2500,100,69.261134
2500,100,68.510064
2500,100,67.786348
2500,100,67.859260
2500,100,66.160725
2500,100,69.736878
2500,100,65.951218
2500,100,66.614765
2500,100,66.734563
2500,100,68.442879
2500,100,67.360610
2500,100,68.535981
2500,100,66.103667
2500,100,67.027361
2500,100,68.042030
2500,100,69.747020
2500,100,68.073728
2500,100,68.896984
2500,100,66.887721
2500,100,69.525202
2500,100,66.165542
2500,100,68.040636
2500,100,69.243891
2500,100,66.862824
2500,100,69.298526
2500,100,66.806618
2500,100,68.098298
2500,100,66.621846
2500,100,68.085496
2500,100,68.748964
2500,100,67.042102
2500,100,66.507785
2500,100,67.578813
2500,100,66.225536
2500,100,66.876489
2500,100,69.638471
2500,100,67.066568
2500,100,66.310921
2500,100,67.471364
2500,100,66.623464
2500,100,68.197192
2500,100,66.316737
2500,100,67.263093
2500,100,68.040828
2500,100,69.679639
2500,100,68.738847
2500,100,69.809995
2500,100,65.968695
2500,100,67.960358
2500,100,66.769948
2500,100,68.639108
2500,100,66.933840
2500,100,67.755456
2500,100,68.204777
2500,100,69.414614
2500,100,68.416022
2500,100,66.303913
2500,100,66.531029
2500,100,65.922985
2500,100,67.369647
2500,100,66.069752
2500,100,65.833899
2500,100,69.560141
2500,100,69.098831
2500,100,69.164943
2500,100,69.769930
2500,100,66.361633
2500,100,69.201360
2500,100,67.848206
2500,100,67.498080
2500,100,66.240343
2500,100,68.440255
2500,100,67.039506
2500,100,66.176725
2500,100,69.668377
2500,100,65.985568
2500,100,69.758229
2500,100,69.385118
2500,100,67.297165
2500,100,68.547451
2500,100,69.553515
2500,100,66.649351
2500,100,68.376410
2500,100,65.984202
2500,100,66.270722
2500,100,68.453527
2500,100,67.202828
2500,100,69.087947
2500,100,67.759373
2500,100,66.586168
2500,100,69.257434
2500,100,67.493284
2500,100,67.393057
2500,100,68.612052
2500,100,67.662909
2500,100,66.270195
2500,100,68.238601
2500,100,68.152334
2500,100,67.601173
2500,100,67.571004
2500,100,69.560297
2500,200,18.823621
2500,200,16.378765
2500,200,17.557488
2500,200,16.254287
2500,200,17.912826
2500,200,16.971062
2500,200,17.523742
2500,200,17.598188
2500,200,16.992811
2500,200,18.280426
2500,200,17.768008
2500,200,17.939641
2500,200,17.204821
2500,200,17.319018
2500,200,16.956246
2500,200,17.978980
2500,200,18.027939
2500,200,17.571940
2500,200,17.785050
2500,200,18.616487
2500,200,16.491680
2500,200,17.303281
2500,200,18.283960
2500,200,17.841048
2500,200,17.457130
2500,200,17.068060
2500,200,17.869995
2500,200,16.962635
2500,200,18.928163
2500,200,16.800876
2500,200,17.704216
2500,200,17.338707
2500,200,17.152729
2500,200,17.253589
2500,200,18.116843
2500,200,17.071983
2500,200,16.891710
2500,200,18.547483
2500,200,17.527161
2500,200,17.293473
2500,200,17.000299
2500,200,18.052694
2500,200,17.513324
2500,200,17.303096
2500,200,17.973353
2500,200,18.236924
2500,200,17.598551
2500,200,17.149971
2500,200,16.925218
2500,200,16.312446
2500,200,17.430820
2500,200,17.103128
2500,200,17.028594
2500,200,16.772241
2500,200,17.094577
2500,200,18.390190
2500,200,17.495738
2500,200,17.265803
2500,200,18.774033
2500,200,16.728335
2500,200,18.032876
2500,200,16.817987
2500,200,15.695752
2500,200,16.943406
2500,200,17.086495
2500,200,17.692092
2500,200,18.336617
2500,200,17.430077
2500,200,17.892708
2500,200,16.525369
2500,200,17.747909
2500,200,18.101211
2500,200,18.385503
2500,200,16.669676
2500,200,17.110780
2500,200,18.155999
2500,200,17.057146
2500,200,17.200090
2500,200,18.137694
2500,200,16.403522
2500,200,19.091093
2500,200,18.002695
2500,200,18.717164
2500,200,17.314866
2500,200,18.519859
2500,200,17.646561
2500,200,18.665227
2500,200,18.630419
2500,200,17.582317
2500,200,17.462913
2500,200,17.030013
2500,200,17.778312
2500,200,18.293614
2500,200,18.815687
2500,200,18.176444
2500,200,18.550075
2500,200,16.967145
2500,200,16.762310
2500,200,18.181078
2500,200,18.340636
2500,200,18.815106
2500,200,18.382897
2500,200,18.076161
2500,200,17.486797
2500,200,18.824320
2500,200,17.309516
2500,200,18.524771
2500,200,18.165363
2500,200,17.299908
2500,200,17.294972
2500,200,18.637912
2500,200,18.230815
2500,200,17.749465
2500,200,18.832474
2500,200,17.800916
2500,200,17.761901
2500,200,18.658540
2500,200,17.762344
2500,200,17.346234
2500,200,18.113150
2500,200,18.330359
2500,200,18.702713
2500,200,18.077479
2500,200,17.788948
2500,200,17.365472
2500,200,17.866142
2500,200,17.929137
2500,200,18.493396
2500,200,18.002197
2500,200,17.568988
2500,200,17.922905
2500,200,17.523246
2500,200,17.797891
2500,200,16.498275
2500,200,17.303437
2500,200,18.482851
2500,200,17.367407
2500,200,17.015446
2500,200,16.720654
2500,200,16.456106
2500,200,18.323438
2500,200,18.368281
2500,200,17.276424
2500,200,18.281278
2500,200,17.800806
2500,200,17.870720
2500,200,17.302949
2500,200,18.595948
2500,200,18.879288
2500,200,17.301789
2500,200,17.589707
2500,200,18.200085
2500,200,17.387335
2500,200,17.062614
2500,200,17.101066
2500,200,17.717791
2500,200,17.691070
2500,200,17.938500
2500,200,17.600518
2500,200,18.793143
2500,200,18.140740
2500,200,18.518995
2500,200,18.342684
2500,200,17.634514
2500,200,18.511051
2500,200,17.557866
2500,200,18.006807
2500,200,18.352701
2500,200,18.607482
2500,200,17.212852
2500,200,16.047588
2500,200,18.611605
2500,200,17.287258
2500,200,17.791485
2500,200,18.079180
2500,200,17.576253
2500,200,18.294242
2500,200,17.874009
2500,200,17.786636
2500,200,16.960497
2500,200,18.360953
2500,200,17.789820
2500,200,18.789476
2500,200,17.407117
2500,200,17.849625
2500,200,18.675711
2500,200,18.426891
2500,200,18.879646
2500,200,18.902306
2500,200,18.587199
2500,200,17.939799
2500,200,17.617925
2500,200,17.790701
2500,200,18.703860
2500,200,17.748462
2500,200,17.306183
2500,200,17.468860
2500,200,17.697496
2500,200,18.198174
2500,200,18.219538
2500,200,18.568780
2500,200,16.699673
2500,200,17.384897
2500,200,17.465500
2500,200,18.375356
2500,200,17.313133
2500,200,17.662559
2500,200,17.322648
2500,200,18.574427
2500,200,18.456713
2500,200,18.527029
2500,200,17.673431
2500,200,18.198799
2500,200,17.756889
2500,200,17.711296
2500,200,17.427335
2500,200,17.536943
2500,200,17.595603
2500,200,17.111817
2500,200,18.118918
2500,200,17.925043
2500,200,16.740517
2500,200,17.755894
2500,200,18.128141
2500,200,17.481792
2500,200,17.076912
2500,200,17.970206
2500,200,18.032783
2500,200,17.330184
2500,200,18.217144
2500,200,17.845196
2500,200,16.825018
2500,200,17.410379
2500,200,17.096995
2500,200,18.530768
2500,200,17.907026
2500,200,18.407460
2500,200,18.036857
2500,200,17.177317
2500,200,18.726620
2500,200,17.736998
2500,200,17.786532
2500,200,18.675441
2500,200,18.269306
2500,200,17.436939
2500,200,18.413578
2500,200,18.297204
2500,200,18.057188
2500,200,19.122602
2500,200,17.944446
2500,200,18.788594
2500,200,18.865585
2500,200,18.041428
2500,200,18.567790
2500,200,18.152182
2500,200,18.545782
2500,200,17.081973
2500,200,17.383265
2500,200,18.345484
2500,200,17.186184
2500,200,19.566226
2500,200,18.284587
2500,200,18.175623
2500,200,18.829480
2500,200,18.804222
2500,200,18.513738
2500,200,17.427899
2500,200,19.046677
2500,200,18.312267
2500,200,17.862370
2500,200,19.331908
2500,200,18.091378
2500,200,16.508269
2500,200,17.511765
2500,200,18.448536
2500,200,18.129042
2500,200,17.198394
2500,200,18.007973
2500,200,18.300897
2500,200,17.138672
2500,200,18.594036
2500,200,16.496556
2500,200,17.619497
2500,200,17.173368
2500,200,17.586803
2500,200,16.907025
2500,200,17.229980
2500,200,16.955028
2500,200,18.120520
2500,200,17.297427
2500,200,17.893821
2500,200,17.176770
2500,200,17.506210
2500,200,17.564533
2500,200,16.419724
2500,200,17.616541
2500,200,17.143134
2500,200,17.706201
2500,200,18.244486
2500,200,17.822370
2500,200,17.307517
2500,200,18.034696
2500,200,17.959422
2500,200,17.499373
2500,200,17.955780
2500,200,17.624793
2500,200,18.766719
2500,200,17.926047
2500,200,17.604354
2500,200,17.932482
2500,200,18.019191
2500,200,18.131360
2500,200,16.244742
2500,200,17.585648
2500,200,18.070678
2500,200,17.226005
2500,200,18.293634
2500,200,18.525530
2500,200,18.647403
2500,200,17.862110
2500,200,17.916912
2500,200,18.553189
2500,200,17.852116
2500,200,18.756864
2500,200,17.742582
2500,200,17.392776
2500,200,17.043835
2500,200,18.408159
2500,200,18.553420
2500,200,18.222894
2500,200,17.897800
2500,200,19.192555
2500,200,17.256750
2500,200,17.148270
2500,200,17.648586
2500,200,16.949755
2500,200,18.544789
2500,200,18.908739
2500,200,19.027888
2500,200,17.547866
2500,200,17.742497
2500,200,16.805063
2500,200,18.721601
2500,200,18.691992
2500,200,18.534460
2500,200,17.532820
2500,200,18.719969
2500,200,17.283761
2500,200,17.849181
2500,200,18.014485
2500,200,17.297479
2500,200,18.240387
2500,200,18.164605
2500,200,18.342679
2500,200,17.336575
2500,200,19.260504
2500,200,17.846785
2500,200,17.745766
2500,200,17.779488
2500,200,17.899249
2500,200,18.831582
2500,200,17.612430
2500,200,18.044243
2500,200,17.597417
2500,200,16.466787
2500,200,18.557304
2500,200,17.846420
2500,200,17.087224
2500,200,17.433344
2500,200,16.481205
2500,200,17.466923
2500,200,16.514488
2500,200,17.341559
2500,200,17.575510
2500,200,16.750711
2500,200,17.815089
2500,200,17.960344
2500,200,17.628974
2500,200,17.258528
2500,200,17.323135
2500,200,17.032342
2500,200,16.429794
2500,200,16.957850
2500,200,16.883112
2500,200,18.195680
2500,200,18.313728
2500,200,17.456671
2500,200,17.244008
2500,200,18.509177
2500,200,18.291169
2500,200,17.323921
2500,200,17.957064
2500,200,18.583324
2500,200,17.890315
2500,200,18.123294
2500,200,18.182860
2500,200,17.370654
2500,200,17.047415
2500,200,18.537958
2500,200,18.327139
2500,300,69.681583
2500,300,66.494136
2500,300,68.282073
2500,300,65.973851
2500,300,67.131126
2500,300,69.243434
2500,300,68.660518
2500,300,67.893564
2500,300,68.833389
2500,300,67.555263
2500,300,69.269396
2500,300,65.946463
2500,300,67.310075
2500,300,67.957587
2500,300,68.649538
2500,300,68.291987
2500,300,66.395392
2500,300,67.008931
2500,300,69.694655
2500,300,68.361619
2500,300,66.734573
2500,300,69.082281
2500,300,69.274551
2500,300,69.700451
2500,300,67.499312
2500,300,66.295269
2500,300,65.731707
2500,300,66.195831
2500,300,67.274515
2500,300,68.751856
2500,300,65.657693
2500,300,67.713158
2500,300,67.967299
2500,300,65.698694
2500,300,68.113132
2500,300,69.010870
2500,300,66.204337
2500,300,66.349587
2500,300,68.864263
2500,300,69.042363
2500,300,65.645887
2500,300,69.295215
2500,300,68.862990
2500,300,66.790265
2500,300,65.940214
2500,300,68.492344
2500,300,67.569130
2500,300,66.172584
2500,300,69.322585
2500,300,67.697398
2500,300,69.206739
2500,300,66.520305
2500,300,68.672523
2500,300,69.536298
2500,300,68.047519
2500,300,67.789792
2500,300,68.117451
2500,300,66.818610
2500,300,66.049735
2500,300,69.371923
2500,300,67.632191
2500,300,66.036695
2500,300,69.567522
2500,300,67.723982
2500,300,69.569352
2500,300,67.870752
2500,300,67.685236
2500,300,67.563256
2500,300,68.174906
2500,300,69.404559
2500,300,67.203021
2500,300,66.902008
2500,300,65.806455
2500,300,65.809591
2500,300,69.607552
2500,300,65.988808
2500,300,68.201442
2500,300,65.684030
2500,300,65.730552
2500,300,66.055159
2500,300,67.203734
2500,300,67.114567
2500,300,69.120859
2500,300,68.654866
2500,300,69.961698
2500,300,68.579572
2500,300,67.794763
2500,300,66.274099
2500,300,68.802161
2500,300,67.017581
2500,300,69.040696
2500,300,69.945417
2500,300,67.475544
2500,300,68.109746
2500,300,66.445024
2500,300,66.345701
2500,300,67.862096
2500,300,65.967142
2500,300,66.284236
2500,300,67.948485
2500,300,68.200495
2500,300,66.368214
2500,300,67.363044
2500,300,69.489748
2500,300,66.010113
2500,300,67.215096
2500,300,68.108939
2500,300,66.298272
2500,300,66.938719
2500,300,68.549245
2500,300,69.318363
2500,300,67.952355
2500,300,67.848131
2500,300,66.166483
2500,300,66.191348
2500,300,66.300819
2500,300,66.273667
2500,300,68.226900
2500,300,66.449397
2500,300,69.988540
2500,300,66.721411
2500,300,66.659183
2500,300,68.415206
2500,300,69.947602
2500,300,66.447929
2500,300,68.250013
2500,300,69.895968
2500,300,65.975665
2500,300,67.273827
2500,300,67.872174
2500,300,66.843709
2500,300,69.676674
2500,300,68.014710
2500,300,66.704390
2500,300,67.954813
2500,300,69.611638
2500,300,66.337280
2500,300,69.698530
2500,300,67.171541
2500,300,66.383078
2500,300,66.466646
2500,300,69.134441
2500,300,67.029045
2500,300,66.669958
2500,300,67.971642
2500,300,68.963141
2500,300,66.023947
2500,300,69.178888
2500,300,68.554498
2500,300,66.577515
2500,300,66.722616
2500,300,69.170763
2500,300,67.023539
2500,300,68.142019
2500,300,67.389859
2500,300,68.214411
2500,300,66.641011
2500,300,66.247962
2500,300,68.420895
2500,300,68.328892
2500,300,68.604157
2500,300,66.558682
2500,300,68.198978
2500,300,67.616730
2500,300,69.732829
2500,300,69.445950
2500,300,68.918856
2500,300,69.228956
2500,300,66.780016
2500,300,66.029363
2500,300,65.715453
2500,300,68.908522
2500,300,69.484972
2500,300,65.711626
2500,300,66.001648
2500,300,67.940197
2500,300,65.872002
2500,300,66.292252
2500,300,66.346411
2500,300,68.913924
2500,300,65.857794
2500,300,68.903326
2500,300,67.802233
2500,300,67.578468
2500,300,68.253844
2500,300,68.822620
2500,300,67.892626
2500,300,66.850256
2500,300,65.875992
2500,300,68.997859
2500,300,65.847897
2500,300,67.851820
2500,300,68.459090
2500,300,68.355223
2500,300,68.847378
2500,300,68.075106
2500,300,68.945320
2500,300,66.271232
2500,300,68.881344
2500,300,66.820566
2500,300,69.484213
2500,300,67.802351
2500,300,68.155585
2500,300,67.236457
2500,300,69.405055
2500,300,66.947403
2500,300,69.496585
2500,300,68.252203
2500,300,69.432948
2500,300,65.893414
2500,300,67.696525
2500,300,66.870261
2500,300,66.209708
2500,300,69.174734
2500,300,65.806951
2500,300,66.272248
2500,300,67.111048
2500,300,69.340393
2500,300,69.183519
2500,300,68.857997
2500,300,69.491501
2500,300,68.562877
2500,300,66.984609
2500,300,66.700821
2500,300,66.376310
2500,300,66.866010
2500,300,66.955035
2500,300,69.621785
2500,300,65.865963
2500,300,66.007891
2500,300,66.886038
2500,300,66.221647
2500,300,69.086084
2500,300,67.894764
2500,300,67.180931
2500,300,66.485118
2500,300,67.875168
2500,300,68.031820
2500,300,66.532227
2500,300,68.185180
2500,300,67.503446
2500,300,66.178454
2500,300,68.279185
2500,300,67.010224
2500,300,69.598945
2500,300,68.092386
2500,300,68.248412
2500,300,68.683548
2500,300,66.786220
2500,300,67.848988
2500,300,69.456351
2500,300,68.737924
2500,300,67.539985
2500,300,69.456307
2500,300,67.384104
2500,300,66.728637
2500,300,67.219184
2500,300,68.684758
2500,300,68.932412
2500,300,69.529784
2500,300,68.690689
2500,300,66.463592
2500,300,67.920451
2500,300,65.710664
2500,300,69.525073
2500,300,66.867159
2500,300,66.196748
2500,300,67.906653
2500,300,65.784699
2500,300,65.896520
2500,300,69.085473
2500,300,67.599427
2500,300,69.552336
2500,300,65.696560
2500,300,67.826381
2500,300,65.986282
2500,300,67.553400
2500,300,68.262978
2500,300,67.409171
2500,300,68.051375
2500,300,69.532591
2500,300,67.415481
2500,300,68.388111
2500,300,67.363175
2500,300,65.943214
2500,300,67.885905
2500,300,68.348055
2500,300,68.130545
2500,300,66.674009
2500,300,69.331884
2500,300,68.526827
2500,300,69.118996
2500,300,67.276186
2500,300,69.584236
2500,300,66.334538
2500,300,67.646240
2500,300,67.796002
2500,300,68.385775
2500,300,66.031767
2500,300,68.214679
2500,300,69.300866
2500,300,68.005931
2500,300,67.024711
2500,300,65.724139
2500,300,67.012835
2500,300,67.122242
2500,300,69.459162
2500,300,66.160066
2500,300,66.820770
2500,300,68.777583
2500,300,68.091381
2500,300,66.965449
2500,300,67.364813
2500,300,68.326445
2500,300,65.631367
2500,300,67.742988
2500,300,65.818301
2500,300,67.739832
2500,300,66.384616
2500,300,66.646299
2500,300,67.882019
2500,300,68.195009
2500,300,68.954833
2500,300,66.796987
2500,300,67.854568
2500,300,69.699744
2500,300,67.704564
2500,300,66.377386
2500,300,66.746255
2500,300,69.371539
2500,300,68.365183
2500,300,67.593186
2500,300,66.992659
2500,300,67.933315
2500,300,67.402885
2500,300,69.739690
2500,300,67.910428
2500,300,69.397204
2500,300,68.996962
2500,300,69.534891
2500,300,66.272558
2500,300,67.202714
2500,300,65.890172
2500,300,68.234501
2500,300,66.712357
2500,300,68.767876
2500,300,68.466737
2500,300,68.362692
2500,300,66.686481
2500,300,67.588458
2500,300,65.722408
2500,300,65.739525
2500,300,67.963747
2500,300,67.459849
2500,300,69.483108
2500,300,68.835702
2500,300,66.030188
2500,300,69.277286
2500,300,68.928508
2500,300,68.002566
2500,300,67.130617
2500,300,67.152052
2500,300,68.565097
2500,300,67.713474
2500,300,68.112962
2500,300,66.347967
2500,300,65.843386
2500,300,67.414485
2500,300,69.450634
2500,300,68.785799
2500,300,69.032952
2500,300,66.762786
2500,300,69.266132
2500,300,66.531238
2500,300,68.393738
2500,300,66.030173
2500,300,65.839605
2500,300,66.955291
2500,300,66.871687
2500,300,69.381101
2500,300,66.614257
2500,300,66.729242
2500,300,65.939692
2500,300,68.666233
2500,300,65.775463
2500,300,65.853558
2500,300,67.744399
2500,300,68.505751
2500,300,66.886108
2500,300,69.010583
2500,300,68.309748
2500,300,69.070775
2500,300,66.859191
2500,300,69.477833
2500,300,66.011216
2500,300,65.885151
2500,300,65.782376
2500,300,68.330770
2500,300,67.313522
2500,300,68.509119
2500,400,40.158710
2500,400,42.590401
2500,400,39.884079
2500,400,41.921649
2500,400,43.666396
2500,400,40.352444
2500,400,39.517562
2500,400,41.660990
2500,400,40.773898
2500,400,41.747513
2500,400,43.271746
2500,400,40.278434
2500,400,41.643406
2500,400,43.519876
2500,400,42.450049
2500,400,41.856978
2500,400,43.076344
2500,400,41.363778
2500,400,38.794201
2500,400,40.206572
2500,400,43.121978
2500,400,41.139906
2500,400,42.404562
2500,400,41.069960
2500,400,39.561073
2500,400,42.456478
2500,400,39.888485
2500,400,40.112802
2500,400,41.189202
2500,400,39.424225
2500,400,38.325131
2500,400,41.907017
2500,400,40.360470
2500,400,41.734087
2500,400,42.862934
2500,400,41.574738
2500,400,41.513905
2500,400,39.764789
2500,400,38.711665
2500,400,40.282444
2500,400,40.342863
2500,400,38.916323
2500,400,37.905797
2500,400,42.232277
2500,400,37.670792
2500,400,42.407307
2500,400,41.691745
2500,400,42.441472
2500,400,39.574118
2500,400,39.795734
2500,400,41.336775
2500,400,38.920886
2500,400,40.084873
2500,400,41.021950
2500,400,39.967017
2500,400,39.113070
2500,400,38.645397
2500,400,41.286831
2500,400,42.271402
2500,400,40.422181
2500,400,40.645986
2500,400,40.953189
2500,400,41.423740
2500,400,41.723659
2500,400,38.330005
2500,400,39.873415
2500,400,39.745169
2500,400,40.449968
2500,400,40.011290
2500,400,38.962908
2500,400,40.828931
2500,400,41.986169
2500,400,41.802320
2500,400,40.469612
2500,400,38.650117
2500,400,41.497899
2500,400,41.106469
2500,400,42.048721
2500,400,42.842583
2500,400,39.870775
2500,400,40.111255
2500,400,39.635869
2500,400,40.385984
2500,400,41.151993
2500,400,41.126805
2500,400,41.758702
2500,400,42.243277
2500,400,42.050552
2500,400,41.324793
2500,400,38.465977
2500,400,38.402268
2500,400,40.552028
2500,400,40.830163
2500,400,39.965060
2500,400,40.049291
2500,400,41.629795
2500,400,42.014627
2500,400,40.479917
2500,400,40.272009
2500,400,39.958956
2500,400,40.546685
2500,400,41.875584
2500,400,41.737924
2500,400,43.032186
2500,400,39.946311
2500,400,41.691914
2500,400,38.220551
2500,400,41.442433
2500,400,42.254392
2500,400,42.512551
2500,400,42.393539
2500,400,38.938027
2500,400,42.574817
2500,400,41.864038
2500,400,40.207251
2500,400,38.544585
2500,400,39.268026
2500,400,40.833695
2500,400,40.306122
2500,400,42.418499
2500,400,40.720039
2500,400,41.872816
2500,400,39.430261
2500,400,41.185354
2500,400,38.835510
2500,400,39.887437
2500,400,41.470725
2500,400,39.103597
2500,400,40.267542
2500,400,40.106441
2500,400,39.368048
2500,400,40.615984
2500,400,41.445793
2500,400,37.303314
2500,400,38.414434
2500,400,42.405911
2500,400,39.535815
2500,400,41.905885
2500,400,42.637627
2500,400,41.915374
2500,400,41.493225
2500,400,39.873787
2500,400,40.904528
2500,400,42.296804
2500,400,40.099297
2500,400,39.955742
2500,400,39.753336
2500,400,39.353306
2500,400,42.359774
2500,400,38.829725
2500,400,37.600997
2500,400,40.113883
2500,400,40.690963
2500,400,43.861888
2500,400,42.034569
2500,400,40.337318
2500,400,39.247081
2500,400,38.943897
2500,400,38.992098
2500,400,42.407866
2500,400,43.149094
2500,400,40.595736
2500,400,42.247826
2500,400,40.242055
2500,400,42.382635
2500,400,42.556570
2500,400,42.227020
2500,400,41.612606
2500,400,42.363778
2500,400,41.660332
2500,400,39.030525
2500,400,37.749460
2500,400,39.963675
2500,400,40.702150
2500,400,41.429816
2500,400,40.180349
2500,400,39.991707
2500,400,42.586908
2500,400,39.341421
2500,400,40.675610
2500,400,43.618675
2500,400,40.017745
2500,400,40.997019
2500,400,39.253113
2500,400,41.677743
2500,400,42.077443
2500,400,40.253348
2500,400,40.540997
2500,400,40.315271
2500,400,40.701642
2500,400,39.466892
2500,400,39.514655
2500,400,41.213401
2500,400,39.377532
2500,400,41.175076
2500,400,41.014738
2500,400,42.403153
2500,400,38.837256
2500,400,39.982236
2500,400,40.990360
2500,400,40.061134
2500,400,37.832871
2500,400,40.203186
2500,400,40.110493
2500,400,40.718107
2500,400,38.274067
2500,400,39.011022
2500,400,41.349631
2500,400,41.644606
2500,400,39.911448
2500,400,38.647070
2500,400,38.244805
2500,400,41.145768
2500,400,41.980812
2500,400,40.853014
2500,400,38.300084
2500,400,41.224087
2500,400,38.844645
2500,400,38.220494
2500,400,38.440879
2500,400,41.431631
2500,400,40.565558
2500,400,39.102153
2500,400,40.217005
2500,400,39.454339
2500,400,39.827592
2500,400,40.839110
2500,400,40.069501
2500,400,39.152324
2500,400,39.804735
2500,400,42.160564
2500,400,42.330399
2500,400,40.168309
2500,400,42.255506
2500,400,39.597708
2500,400,42.759972
2500,400,38.992387
2500,400,39.574445
2500,400,40.767472
2500,400,41.480978
2500,400,42.494808
2500,400,42.820663
2500,400,41.268362
2500,400,40.136319
2500,400,43.221151
2500,400,39.519759
2500,400,38.561436
2500,400,39.645406
2500,400,39.425453
2500,400,40.699079
2500,400,43.591775
2500,400,39.256207
2500,400,44.549598
2500,400,42.391242
2500,400,42.352856
2500,400,40.254566
2500,400,41.433814
2500,400,42.400476
2500,400,43.600062
2500,400,39.818582
2500,400,40.194686
2500,400,39.400678
2500,400,40.384756
2500,400,41.901389
2500,400,40.801261
2500,400,39.404299
2500,400,41.016791
2500,400,41.137144
2500,400,41.306487
2500,400,41.789195
2500,400,37.221613
2500,400,40.424295
2500,400,43.752898
2500,400,41.727323
2500,400,41.116668
2500,400,41.506176
2500,400,41.686583
2500,400,39.544012
2500,400,39.368724
2500,400,39.431098
2500,400,45.096969
2500,400,39.851540
2500,400,40.393983
2500,400,42.159956
2500,400,39.392869
2500,400,42.435743
2500,400,40.989006
2500,400,38.760180
2500,400,40.510872
2500,400,43.381169
2500,400,41.871522
2500,400,39.009753
2500,400,41.919814
2500,400,41.037871
2500,400,39.230994
2500,400,39.527460
2500,400,37.302322
2500,400,39.697444
2500,400,41.079891
2500,400,37.938900
2500,400,40.466760
2500,400,39.120424
2500,400,39.625342
2500,400,39.818608
2500,400,40.630908
2500,400,38.031656
2500,400,38.758605
2500,400,41.265734
2500,400,41.983937
2500,400,38.351664
2500,400,36.059979
2500,400,42.368807
2500,400,40.812835
2500,400,40.655718
2500,400,40.623003
2500,400,39.329003
2500,400,38.255439
2500,400,39.774624
2500,400,38.196510
2500,400,43.505569
2500,400,39.685146
2500,400,40.565212
2500,400,40.175814
2500,400,41.409810
2500,400,41.896464
2500,400,41.220825
2500,400,41.205641
2500,400,39.465031
2500,400,40.490424
2500,400,37.353734
2500,400,40.123478
2500,400,41.697439
2500,400,39.746413
2500,400,40.738152
2500,400,39.985592
2500,400,38.678290
2500,400,43.698797
2500,400,41.043294
2500,400,41.677635
2500,400,39.412475
2500,400,41.820546
2500,400,42.305221
2500,400,40.358537
2500,400,37.599210
2500,400,38.904399
2500,400,39.672242
2500,400,39.084948
2500,400,39.286762
2500,400,39.362517
2500,400,38.110341
2500,400,40.551175
2500,400,40.593701
2500,400,37.846912
2500,400,39.140322
2500,400,39.857312
2500,400,38.466324
2500,400,40.528803
2500,400,40.718016
2500,400,39.329117
2500,400,41.396515
2500,400,41.283228
2500,400,40.480913
2500,400,41.136807
2500,400,39.912313
2500,400,39.413019
2500,400,38.865279
2500,400,40.914771
2500,400,38.082057
2500,400,40.016879
2500,400,39.217400
2500,400,40.081622
2500,400,36.182882
2500,400,39.516426
2500,400,38.078833
2500,400,38.470571
2500,400,39.496454
2500,400,40.706148
2500,400,41.473169
2500,400,41.274529
2500,400,37.809072
2500,400,39.193729
2500,400,41.154509
2500,400,40.721823
2500,400,42.008452
2500,400,41.028146
2500,400,41.870740
2500,400,41.103125
2500,400,41.820682
2500,400,42.172559
2500,400,38.479162
2500,400,39.299824
2500,400,38.173306
2500,400,38.413896
2500,400,41.829562
2500,400,43.024447
2500,400,40.864634
2500,400,38.443983
2500,400,41.531964
2500,400,42.853913
2500,400,40.518997
2500,500,22.853854
2500,500,23.849467
2500,500,22.253062
2500,500,23.697684
2500,500,23.493191
2500,500,22.538634
2500,500,22.161569
2500,500,22.511436
2500,500,22.743906
2500,500,21.703242
2500,500,22.699399
2500,500,23.664173
2500,500,22.871216
2500,500,23.627520
2500,500,23.853821
2500,500,23.584797
2500,500,22.121154
2500,500,23.084354
2500,500,23.224809
2500,500,21.883911
2500,500,22.467436
2500,500,22.525642
2500,500,23.123498
2500,500,22.156097
2500,500,24.192474
2500,500,21.870302
2500,500,22.160173
2500,500,22.562908
2500,500,23.943092
2500,500,22.266178
2500,500,22.645376
2500,500,23.297350
2500,500,23.355081
2500,500,22.491103
2500,500,21.951048
2500,500,22.005102
2500,500,23.741331
2500,500,23.006397
2500,500,23.329915
2500,500,23.518528
2500,500,23.383711
2500,500,21.742300
2500,500,22.768681
2500,500,21.982876
2500,500,20.865035
2500,500,22.114232
2500,500,22.066414
2500,500,22.372424
2500,500,23.488537
2500,500,22.541837
2500,500,22.610359
2500,500,23.353635
2500,500,21.489009
2500,500,22.407809
2500,500,21.760545
2500,500,21.339281
2500,500,23.027833
2500,500,22.226483
2500,500,22.556863
2500,500,21.578213
2500,500,21.158589
2500,500,21.437471
2500,500,22.124744
2500,500,22.587943
2500,500,22.629746
2500,500,21.814298
2500,500,22.933200
2500,500,24.081217
2500,500,21.888136
2500,500,22.639934
2500,500,22.228555
2500,500,22.635563
2500,500,21.845913
2500,500,21.773826
2500,500,21.031943
2500,500,22.373363
2500,500,21.658794
2500,500,22.359265
2500,500,22.129618
2500,500,21.814745
2500,500,22.362821
2500,500,22.132784
2500,500,21.607883
2500,500,22.022749
2500,500,22.132056
2500,500,21.253793
2500,500,21.054778
2500,500,22.565434
2500,500,20.621609
2500,500,23.146803
2500,500,21.590039
2500,500,20.644348
2500,500,22.447459
2500,500,22.578826
2500,500,21.030664
2500,500,23.160282
2500,500,21.515470
2500,500,22.040209
2500,500,22.126240
2500,500,21.431083
2500,500,21.080281
2500,500,20.476630
2500,500,22.695331
2500,500,21.020451
2500,500,20.330327
2500,500,20.324384
2500,500,22.446460
2500,500,24.058385
2500,500,20.364812
2500,500,20.589656
2500,500,21.293151
2500,500,21.163121
2500,500,21.744039
2500,500,21.911989
2500,500,21.974933
2500,500,20.925039
2500,500,21.328892
2500,500,20.830702
2500,500,20.097994
2500,500,20.933941
2500,500,21.409823
2500,500,20.379697
2500,500,20.358464
2500,500,20.238195
2500,500,21.724429
2500,500,20.725637
2500,500,21.980034
2500,500,20.649076
2500,500,22.031608
2500,500,22.177913
2500,500,21.326240
2500,500,21.002512
2500,500,21.002289
2500,500,23.047850
2500,500,21.423405
2500,500,21.995767
2500,500,21.269340
2500,500,22.323555
2500,500,20.888631
2500,500,21.623250
2500,500,20.372772
2500,500,20.775347
2500,500,20.844586
2500,500,20.416627
2500,500,21.581527
2500,500,21.229315
2500,500,21.801823
2500,500,22.159340
2500,500,21.339096
2500,500,21.448637
2500,500,21.141017
2500,500,20.996361
2500,500,20.577412
2500,500,21.469880
2500,500,21.512396
2500,500,22.115615
2500,500,21.216505
2500,500,21.422321
2500,500,22.023387
2500,500,21.959652
2500,500,25.956489
2500,500,26.234229
2500,500,24.828383
2500,500,25.949896
2500,500,22.730105
2500,500,24.191021
2500,500,27.260352
2500,500,25.228395
2500,500,25.838373
2500,500,25.064064
2500,500,24.490400
2500,500,24.427484
2500,500,26.461314
2500,500,23.994204
2500,500,24.092198
2500,500,23.425216
2500,500,25.111068
2500,500,25.588103
2500,500,24.914529
2500,500,24.824565
2500,500,25.444538
2500,500,22.357309
2500,500,24.549236
2500,500,25.845073
2500,500,23.745255
2500,500,25.989166
2500,500,24.998957
2500,500,24.374164
2500,500,23.632110
2500,500,23.848908
2500,500,26.151828
2500,500,24.543370
2500,500,23.461712
2500,500,25.964260
2500,500,23.674268
2500,500,25.648198
2500,500,25.373801
2500,500,23.735672
2500,500,24.419050
2500,500,25.206489
2500,500,25.267392
2500,500,25.557453
2500,500,25.113333
2500,500,23.309981
2500,500,24.887930
2500,500,23.588507
2500,500,23.159038
2500,500,24.476364
2500,500,25.029494
2500,500,24.752334
2500,500,24.537079
2500,500,24.665836
2500,500,25.553051
2500,500,22.385176
2500,500,24.171117
2500,500,25.154074
2500,500,23.811718
2500,500,24.585273
2500,500,25.063981
2500,500,23.979737
2500,500,24.585855
2500,500,25.564879
2500,500,23.638523
2500,500,24.720666
2500,500,24.327596
2500,500,24.043966
2500,500,23.746560
2500,500,24.125810
2500,500,25.255153
2500,500,24.069207
2500,500,24.710064
2500,500,24.928276
2500,500,23.944479
2500,500,25.583015
2500,500,23.696481
2500,500,25.110884
2500,500,25.849463
2500,500,26.316987
2500,500,24.056759
2500,500,24.897086
2500,500,22.431886
2500,500,24.125595
2500,500,23.239328
2500,500,23.148379
2500,500,23.983201
2500,500,24.795230
2500,500,23.513153
2500,500,24.161857
2500,500,24.949901
2500,500,23.892076
2500,500,24.317397
2500,500,24.076734
2500,500,23.862912
2500,500,24.725669
2500,500,24.499431
2500,500,23.942489
2500,500,25.208167
2500,500,25.051093
2500,500,23.645052
2500,500,24.603664
2500,500,24.054013
2500,500,23.179720
2500,500,24.928121
2500,500,24.224420
2500,500,22.531410
2500,500,23.982384
2500,500,22.394401
2500,500,23.683603
2500,500,22.749647
2500,500,23.012184
2500,500,23.209743
2500,500,24.172475
2500,500,25.371621
2500,500,24.314810
2500,500,21.280233
2500,500,24.242062
2500,500,22.133412
2500,500,22.897130
2500,500,22.509332
2500,500,23.094676
2500,500,23.923980
2500,500,24.347058
2500,500,23.464653
2500,500,24.654268
2500,500,22.296951
2500,500,24.315809
2500,500,23.485300
2500,500,24.103122
2500,500,23.049990
2500,500,22.285713
2500,500,21.666107
2500,500,24.479772
2500,500,21.447398
2500,500,23.239577
2500,500,24.260602
2500,500,22.504665
2500,500,24.227175
2500,500,22.384105
2500,500,23.797736
2500,500,22.824338
2500,500,23.134209
2500,500,24.091231
2500,500,24.762917
2500,500,21.617766
2500,500,23.270407
2500,500,23.059365
2500,500,24.481348
2500,500,23.420567
2500,500,25.549588
2500,500,22.964763
2500,500,25.157340
2500,500,23.716478
2500,500,23.937825
2500,500,22.838537
2500,500,24.324406
2500,500,23.498940
2500,500,23.633429
2500,500,24.493142
2500,500,22.795452
2500,500,24.084104
2500,500,24.156860
2500,500,23.578298
2500,500,24.239539
2500,500,24.256623
2500,500,22.915305
2500,500,21.276682
2500,500,22.361806
2500,500,23.677665
2500,500,23.994959
2500,500,20.794055
2500,500,21.431811
2500,500,22.847347
2500,500,21.928844
2500,500,23.646089
2500,500,21.276962
2500,500,23.728676
2500,500,22.222244
2500,500,22.865499
2500,500,22.276054
2500,500,23.598167
2500,500,21.850111
2500,500,22.938151
2500,500,23.467603
2500,500,22.333214
2500,500,22.470840
2500,500,22.572166
2500,500,22.594583
2500,500,23.173758
2500,500,22.255637
2500,500,22.237549
2500,500,23.025246
2500,500,22.408375
2500,500,23.333018
2500,500,22.300397
2500,500,22.522131
2500,500,23.806691
2500,500,21.955665
2500,500,24.032393
2500,500,22.806533
2500,500,21.862610
2500,500,22.988971
2500,500,21.994591
2500,500,22.790162
2500,500,22.918990
2500,500,22.452832
2500,500,23.353199
2500,500,22.295987
2500,500,23.672833
2500,500,22.225840
2500,500,22.397524
2500,500,20.962467
2500,500,22.682959
2500,500,22.787956
2500,500,21.064771
2500,500,22.323804
2500,500,22.393785
2500,500,22.516856
2500,500,21.084409
2500,500,22.259874
2500,500,24.737405
2500,500,23.875377
2500,500,21.697593
2500,500,23.632676
2500,500,23.123023
2500,500,23.164726
2500,500,23.941589
2500,500,22.948748
2500,500,22.580657
2500,500,22.881591
2500,500,23.107216
2500,500,22.466072
2500,500,21.617495
2500,500,22.246590
2500,500,21.272346
2500,500,22.205031
2500,500,22.037243
2500,500,23.112082
2500,500,22.434568
2500,500,21.602672
2500,500,22.713895
3000,100,66.915137
3000,100,65.062011
3000,100,66.294272
3000,100,65.072104
3000,100,66.789179
3000,100,66.801705
3000,100,66.982898
3000,100,66.884272
3000,100,67.127240
3000,100,66.309841
3000,100,66.223657
3000,100,63.722221
3000,100,64.792893
3000,100,67.636643
3000,100,64.090489
3000,100,65.456865
3000,100,64.473042
3000,100,66.096465
3000,100,65.926251
3000,100,64.700400
3000,100,66.352786
3000,100,65.190462
3000,100,64.176601
3000,100,65.978133
3000,100,67.110896
3000,100,66.555449
3000,100,64.583354
3000,100,65.357859
3000,100,66.169494
3000,100,64.970282
3000,100,66.392239
3000,100,67.217966
3000,100,65.360600
3000,100,64.176568
3000,100,66.083060
3000,100,65.788105
3000,100,64.825593
3000,100,63.871937
3000,100,64.239901
3000,100,63.822184
3000,100,67.570586
3000,100,65.103454
3000,100,67.509192
3000,100,66.470896
3000,100,65.715671
3000,100,64.438159
3000,100,64.557066
3000,100,66.453552
3000,100,64.557122
3000,100,63.733309
3000,100,63.899233
3000,100,64.680858
3000,100,65.339035
3000,100,64.233787
3000,100,65.962200
3000,100,65.126695
3000,100,65.151318
3000,100,64.169196
3000,100,67.477144
3000,100,65.220050
3000,100,67.490093
3000,100,65.145337
3000,100,64.204917
3000,100,66.091851
3000,100,65.459939
3000,100,66.100351
3000,100,66.394953
3000,100,63.915096
3000,100,66.327872
3000,100,66.076353
3000,100,67.065748
3000,100,64.152665
3000,100,65.020024
3000,100,66.102595
3000,100,65.483365
3000,100,64.605477
3000,100,66.097419
3000,100,66.045586
3000,100,65.386141
3000,100,65.497353
3000,100,64.008514
3000,100,66.398699
3000,100,67.018223
3000,100,65.346284
3000,100,64.046840
3000,100,66.545124
3000,100,66.582353
3000,100,65.538091
3000,100,66.222713
3000,100,66.601538
3000,100,66.704560
3000,100,66.152676
3000,100,65.400857
3000,100,64.580245
3000,100,65.561151
3000,100,67.512245
3000,100,63.910130
3000,100,64.708055
3000,100,66.837129
3000,100,66.587408
3000,100,66.397169
3000,100,64.847572
3000,100,67.058456
3000,100,67.522793
3000,100,64.828763
3000,100,65.513725
3000,100,65.424318
3000,100,64.992669
3000,100,64.058372
3000,100,67.107348
3000,100,66.557716
3000,100,64.493279
3000,100,64.716668
3000,100,65.971324
3000,100,64.077518
3000,100,64.028800
3000,100,65.718504
3000,100,64.204906
3000,100,65.185154
3000,100,65.041907
3000,100,66.803800
3000,100,66.691840
3000,100,66.215839
3000,100,66.604282
3000,100,66.081579
3000,100,65.975688
3000,100,64.970010
3000,100,64.479395
3000,100,64.951925
3000,100,66.811808
3000,100,64.642879
3000,100,65.056965
3000,100,64.390079
3000,100,63.841187
3000,100,63.997142
3000,100,65.110608
3000,100,65.122045
3000,100,64.790367
3000,100,63.792373
3000,100,67.518348
3000,100,65.781252
3000,100,67.290104
3000,100,66.119577
3000,100,64.832582
3000,100,66.725540
3000,100,63.803788
3000,100,64.007990
3000,100,65.093284
3000,100,64.908857
3000,100,67.656698
3000,100,67.248662
3000,100,64.930967
3000,100,67.246619
3000,100,67.389773
3000,100,64.407651
3000,100,64.343746
3000,100,64.344556
3000,100,65.533887
3000,100,65.058180
3000,100,67.031047
3000,100,64.455027
3000,100,66.631475
3000,100,66.957795
3000,100,64.305252
3000,100,63.770434
3000,100,63.804257
3000,100,64.009983
3000,100,65.911033
3000,100,66.085285
3000,100,64.017197
3000,100,67.321944
3000,100,64.719492
3000,100,65.202045
3000,100,65.045675
3000,100,66.320713
3000,100,65.835864
3000,100,63.897556
3000,100,65.144496
3000,100,63.882735
3000,100,66.478135
3000,100,67.205804
3000,100,65.391659
3000,100,64.678079
3000,100,67.142533
3000,100,63.709442
3000,100,63.848179
3000,100,66.391420
3000,100,65.336565
3000,100,66.467617
3000,100,64.395763
3000,100,63.831791
3000,100,65.978221
3000,100,64.349623
3000,100,63.704040
3000,100,64.637313
3000,100,65.021140
3000,100,64.940393
3000,100,67.610993
3000,100,64.945322
3000,100,65.975085
3000,100,65.419383
3000,100,63.997278
3000,100,66.007161
3000,100,67.349097
3000,100,66.100915
3000,100,63.721446
3000,100,64.139557
3000,100,67.236926
3000,100,66.440121
3000,100,65.953992
3000,100,66.774945
3000,100,65.118314
3000,100,66.714904
3000,100,64.017540
3000,100,67.582387
3000,100,65.412774
3000,100,65.816971
3000,100,64.300535
3000,100,63.879073
3000,100,67.530540
3000,100,65.815763
3000,100,67.378339
3000,100,66.935168
3000,100,66.709061
3000,100,65.474779
3000,100,67.169413
3000,100,64.371475
3000,100,67.408796
3000,100,66.326519
3000,100,64.375022
3000,100,67.124063
3000,100,64.097822
3000,100,64.473488
3000,100,65.026351
3000,100,67.503938
3000,100,65.531598
3000,100,66.478312
3000,100,67.341097
3000,100,67.038404
3000,100,66.162071
3000,100,66.588278
3000,100,65.280016
3000,100,64.719216
3000,100,67.719154
3000,100,66.216169
3000,100,67.031601
3000,100,67.174973
3000,100,66.252000
3000,100,64.545197
3000,100,65.685112
3000,100,65.381788
3000,100,63.995839
3000,100,64.761976
3000,100,64.683440
3000,100,67.712700
3000,100,64.203518
3000,100,65.093125
3000,100,67.597150
3000,100,65.674921
3000,100,64.092739
3000,100,65.550675
3000,100,64.395178
3000,100,66.189093
3000,100,64.179889
3000,100,65.206563
3000,100,67.315258
3000,100,65.192547
3000,100,64.284594
3000,100,67.083594
3000,100,65.208401
3000,100,65.291864
3000,100,65.528570
3000,100,66.772900
3000,100,64.183940
3000,100,66.683844
3000,100,63.942664
3000,100,66.330202
3000,100,66.379775
3000,100,65.063852
3000,100,64.077747
3000,100,64.552832
3000,100,66.693977
3000,100,64.483763
3000,100,66.871294
3000,100,64.259094
3000,100,64.540088
3000,100,64.584483
3000,100,67.765812
3000,100,65.201118
3000,100,64.471076
3000,100,65.262483
3000,100,64.545982
3000,100,65.987783
3000,100,66.663771
3000,100,66.813392
3000,100,64.144998
3000,100,64.484202
3000,100,64.469137
3000,100,65.253034
3000,100,67.107040
3000,100,65.203881
3000,100,65.220597
3000,100,65.067192
3000,100,66.151149
3000,100,65.603204
3000,100,65.050606
3000,100,65.812391
3000,100,67.072833
3000,100,66.776346
3000,100,64.651926
3000,100,64.312156
3000,100,64.611200
3000,100,65.703059
3000,100,65.785357
3000,100,67.758825
3000,100,66.532013
3000,100,67.016149
3000,100,64.733256
3000,100,64.546860
3000,100,66.578289
3000,100,66.033316
3000,100,67.051832
3000,100,66.057614
3000,100,66.770721
3000,100,66.326603
3000,100,65.564167
3000,100,66.677938
3000,100,66.020375
3000,100,63.909362
3000,100,65.463368
3000,100,65.328585
3000,100,65.720525
3000,100,63.935735
3000,100,66.663426
3000,100,64.439102
3000,100,64.342892
3000,100,64.850248
3000,100,64.823915
3000,100,64.582458
3000,100,64.282987
3000,100,65.129902
3000,100,65.111824
3000,100,65.218886
3000,100,64.703808
3000,100,63.803125
3000,100,66.540464
3000,100,64.361769
3000,100,67.032873
3000,100,65.152790
3000,100,66.224575
3000,100,66.075552
3000,100,64.312823
3000,100,64.672963
3000,100,65.337545
3000,100,64.310229
3000,100,63.916546
3000,100,67.175640
3000,100,66.600204
3000,100,66.549224
3000,100,67.371223
3000,100,65.647529
3000,100,64.445497
3000,100,66.803350
3000,100,66.890872
3000,100,64.720174
3000,100,65.513976
3000,100,65.423524
3000,100,65.925223
3000,100,64.281730
3000,100,66.222979
3000,100,64.789784
3000,100,65.843441
3000,100,66.919235
3000,100,67.229028
3000,100,63.951236
3000,100,64.716409
3000,100,67.243130
3000,100,66.816509
3000,100,67.464287
3000,100,63.769026
3000,100,67.425438
3000,100,65.279769
3000,100,65.472985
3000,100,66.929389
3000,100,64.686058
3000,100,67.055370
3000,100,65.435730
3000,100,65.399099
3000,100,64.496366
3000,100,64.122575
3000,100,67.150165
3000,100,65.830328
3000,100,65.544924
3000,100,64.826966
3000,100,66.680921
3000,100,64.081119
3000,100,66.640516
3000,100,65.883270
3000,100,64.307675
3000,100,65.299975
3000,200,65.122618
3000,200,64.226087
3000,200,67.395550
3000,200,64.393355
3000,200,65.672324
3000,200,65.146370
3000,200,64.382400
3000,200,65.437114
3000,200,63.846201
3000,200,64.393269
3000,200,65.850088
3000,200,64.770743
3000,200,64.730088
3000,200,66.060301
3000,200,66.883314
3000,200,66.231619
3000,200,63.756134
3000,200,64.745039
3000,200,64.258003
3000,200,66.871004
3000,200,66.294476
3000,200,67.210549
3000,200,65.673289
3000,200,65.381375
3000,200,66.331859
3000,200,63.580638
3000,200,66.599230
3000,200,66.199726
3000,200,66.516626
3000,200,65.095526
3000,200,67.172681
3000,200,66.039895
3000,200,66.082254
3000,200,66.822339
3000,200,65.712057
3000,200,65.492883
3000,200,66.939980
3000,200,63.849694
3000,200,64.661721
3000,200,65.770994
3000,200,64.606211
3000,200,67.082926
3000,200,67.197945
3000,200,65.385903
3000,200,63.724944
3000,200,67.421047
3000,200,66.442763
3000,200,65.617524
3000,200,64.771118
3000,200,64.263138
3000,200,65.125072
3000,200,63.653496
3000,200,66.590381
3000,200,66.010612
3000,200,64.706596
3000,200,66.572004
3000,200,65.523903
3000,200,66.891606
3000,200,63.535396
3000,200,67.272967
3000,200,66.729574
3000,200,65.173958
3000,200,64.793435
3000,200,65.229807
3000,200,63.726597
3000,200,66.025384
3000,200,66.558663
3000,200,64.238155
3000,200,66.564243
3000,200,67.212338
3000,200,66.280383
3000,200,67.391353
3000,200,63.887916
3000,200,66.830078
3000,200,66.988230
3000,200,64.115511
3000,200,65.684835
3000,200,63.978526
3000,200,63.914924
3000,200,64.715380
3000,200,65.950278
3000,200,65.612904
3000,200,67.245731
3000,200,67.241693
3000,200,66.107561
3000,200,66.213191
3000,200,67.232345
3000,200,64.671009
3000,200,65.375212
3000,200,64.137456
3000,200,64.218880
3000,200,65.344250
3000,200,64.743874
3000,200,66.926054
3000,200,65.619082
3000,200,66.639645
3000,200,67.060662
3000,200,65.157571
3000,200,67.245122
3000,200,67.306083
3000,200,66.584720
3000,200,65.916047
3000,200,64.338417
3000,200,66.760058
3000,200,64.483669
3000,200,65.109223
3000,200,63.962693
3000,200,65.920047
3000,200,64.432575
3000,200,65.590271
3000,200,65.509354
3000,200,66.914640
3000,200,66.856762
3000,200,65.012546
3000,200,67.213865
3000,200,66.702721
3000,200,64.542959
3000,200,66.537031
3000,200,64.033129
3000,200,66.742373
3000,200,64.338831
3000,200,64.574864
3000,200,66.295514
3000,200,65.845064
3000,200,63.531141
3000,200,67.130403
3000,200,65.305957
3000,200,63.506953
3000,200,67.136892
3000,200,64.946743
3000,200,64.507159
3000,200,64.666560
3000,200,65.132748
3000,200,64.299012
3000,200,65.998399
3000,200,63.784445
3000,200,64.148526
3000,200,64.025350
3000,200,67.243652
3000,200,64.561802
3000,200,66.350235
3000,200,66.068077
3000,200,67.192839
3000,200,64.114707
3000,200,64.412878
3000,200,67.166579
3000,200,64.909062
3000,200,63.952411
3000,200,65.689401
3000,200,64.880087
3000,200,65.465082
3000,200,66.407317
3000,200,65.843473
3000,200,64.213559
3000,200,66.530545
3000,200,65.221181
3000,200,65.323781
3000,200,64.095350
3000,200,65.134069
3000,200,66.871905
3000,200,64.446916
3000,200,64.014464
3000,200,66.137635
3000,200,67.339850
3000,200,67.196188
3000,200,66.224425
3000,200,66.646492
3000,200,65.197566
3000,200,67.457113
3000,200,66.088412
3000,200,64.978796
3000,200,65.661262
3000,200,63.954499
3000,200,63.904761
3000,200,66.003452
3000,200,65.762003
3000,200,66.503185
3000,200,65.484686
3000,200,63.658301
3000,200,63.800091
3000,200,66.368783
3000,200,66.602495
3000,200,65.318630
3000,200,65.133655
3000,200,63.780273
3000,200,64.014568
3000,200,66.943087
3000,200,65.278534
3000,200,66.646202
3000,200,64.439772
3000,200,65.561846
3000,200,66.120872
3000,200,67.145228
3000,200,66.086365
3000,200,64.943055
3000,200,65.160677
3000,200,66.351443
3000,200,63.612627
3000,200,65.149040
3000,200,64.748484
3000,200,65.103116
3000,200,65.275455
3000,200,64.223722
3000,200,67.072706
3000,200,63.807385
3000,200,66.786915
3000,200,64.166678
3000,200,64.874503
3000,200,64.516054
3000,200,65.756708
3000,200,66.062088
3000,200,66.969514
3000,200,65.943059
3000,200,66.177103
3000,200,65.415314
3000,200,67.031327
3000,200,66.169325
3000,200,65.830712
3000,200,66.391181
3000,200,64.918154
3000,200,63.797235
3000,200,63.850918
3000,200,64.480624
3000,200,65.417430
3000,200,64.487514
3000,200,66.434739
3000,200,66.850917
3000,200,66.529689
3000,200,65.400965
3000,200,67.223722
3000,200,66.981356
3000,200,65.070318
3000,200,67.411022
3000,200,66.180450
3000,200,66.060604
3000,200,64.073544
3000,200,66.616868
3000,200,64.574099
3000,200,66.169026
3000,200,64.066462
3000,200,67.045720
3000,200,66.135290
3000,200,64.352974
3000,200,66.087021
3000,200,66.064542
3000,200,65.629949
3000,200,65.698465
3000,200,64.603635
3000,200,64.838868
3000,200,65.707316
3000,200,64.400360
3000,200,65.500296
3000,200,64.213658
3000,200,66.708843
3000,200,64.384672
3000,200,64.633486
3000,200,64.667210
3000,200,65.206705
3000,200,66.729381
3000,200,65.682762
3000,200,63.964938
3000,200,66.666066
3000,200,65.534559
3000,200,64.354749
3000,200,65.244546
3000,200,66.818930
3000,200,64.860447
3000,200,66.604719
3000,200,66.408120
3000,200,66.555075
3000,200,67.191764
3000,200,65.266090
3000,200,64.053383
3000,200,67.492205
3000,200,67.254869
3000,200,66.692294
3000,200,65.838976
3000,200,65.174886
3000,200,65.392522
3000,200,64.510614
3000,200,67.235298
3000,200,65.991302
3000,200,63.714486
3000,200,66.198105
3000,200,64.502574
3000,200,64.836569
3000,200,66.615058
3000,200,64.443769
3000,200,64.996803
3000,200,63.854566
3000,200,65.886107
3000,200,64.114665
3000,200,66.236746
3000,200,64.731077
3000,200,65.021758
3000,200,64.900908
3000,200,66.270505
3000,200,66.001003
3000,200,66.133822
3000,200,66.602264
3000,200,65.453157
3000,200,63.606013
3000,200,64.275285
3000,200,65.108655
3000,200,63.603569
3000,200,64.123948
3000,200,66.773032
3000,200,65.758729
3000,200,66.710903
3000,200,67.394605
3000,200,66.108799
3000,200,65.799467
3000,200,64.744138
3000,200,64.507273
3000,200,67.133120
3000,200,67.268592
3000,200,63.941491
3000,200,65.978768
3000,200,67.318824
3000,200,65.967601
3000,200,65.971447
3000,200,67.078559
3000,200,67.104292
3000,200,64.186347
3000,200,65.792403
3000,200,67.068984
3000,200,66.990923
3000,200,64.598314
3000,200,66.917368
3000,200,65.034589
3000,200,66.240315
3000,200,63.738680
3000,200,65.681666
3000,200,65.580159
3000,200,64.990668
3000,200,64.627167
3000,200,64.724470
3000,200,64.743308
3000,200,66.208688
3000,200,64.257209
3000,200,66.806829
3000,200,67.251966
3000,200,66.649867
3000,200,63.745068
3000,200,64.924514
3000,200,64.051695
3000,200,67.154364
3000,200,64.609422
3000,200,66.168029
3000,200,64.956638
3000,200,64.686310
3000,200,66.217718
3000,200,66.391512
3000,200,67.195083
3000,200,66.179988
3000,200,66.849973
3000,200,65.524207
3000,200,65.966269
3000,200,65.503040
3000,200,65.672157
3000,200,66.434380
3000,200,66.384632
3000,200,64.170797
3000,200,66.076663
3000,200,64.113088
3000,200,66.595688
3000,200,66.178736
3000,200,64.281232
3000,200,63.647190
3000,200,66.642837
3000,200,63.612944
3000,200,66.144940
3000,200,63.583032
3000,200,66.723136
3000,200,66.697490
3000,200,64.315437
3000,200,64.978418
3000,200,67.021077
3000,200,64.673758
3000,200,64.221744
3000,200,67.078623
3000,200,64.861888
3000,200,66.028971
3000,200,64.743581
3000,200,63.913517
3000,200,66.531287
3000,200,65.965905
3000,200,64.090913
3000,200,64.924773
3000,200,64.801152
3000,200,66.270133
3000,200,65.355412
3000,200,67.174329
3000,200,65.638832
3000,200,64.676352
3000,200,67.096178
3000,200,64.374292
3000,200,65.746022
3000,200,64.974413
3000,200,65.250259
3000,300,67.298039
3000,300,65.296322
3000,300,65.720549
3000,300,65.030750
3000,300,66.119367
3000,300,64.678657
3000,300,63.623341
3000,300,65.012384
3000,300,65.159848
3000,300,66.776979
3000,300,66.808471
3000,300,66.524016
3000,300,66.420046
3000,300,66.642210
3000,300,66.955411
3000,300,65.597238
3000,300,63.430602
3000,300,66.305026
3000,300,64.392743
3000,300,63.755042
3000,300,64.468463
3000,300,63.743191
3000,300,65.740141
3000,300,67.234690
3000,300,64.908155
3000,300,63.660505
3000,300,66.339346
3000,300,63.615769
3000,300,66.078681
3000,300,63.421994
3000,300,65.041318
3000,300,65.695069
3000,300,66.690678
3000,300,66.156200
3000,300,64.867613
3000,300,65.275300
3000,300,65.815935
3000,300,66.717362
3000,300,65.824096
3000,300,63.429172
3000,300,66.758827
3000,300,65.364561
3000,300,63.909851
3000,300,67.311485
3000,300,64.803811
3000,300,66.048343
3000,300,64.945072
3000,300,66.057232
3000,300,63.717695
3000,300,65.713597
3000,300,63.422730
3000,300,64.114001
3000,300,67.246527
3000,300,66.942176
3000,300,66.992551
3000,300,66.565966
3000,300,64.214613
3000,300,67.226032
3000,300,65.720319
3000,300,63.878686
3000,300,66.185838
3000,300,64.772213
3000,300,66.472912
3000,300,67.128625
3000,300,63.696097
3000,300,65.342172
3000,300,65.584690
3000,300,66.926898
3000,300,65.462919
3000,300,66.837891
3000,300,67.257370
3000,300,64.782013
3000,300,64.902086
3000,300,63.500918
3000,300,66.063971
3000,300,64.708671
3000,300,65.029705
3000,300,66.123031
3000,300,67.080269
3000,300,66.332587
3000,300,63.527283
3000,300,65.357140
3000,300,66.240044
3000,300,66.608936
3000,300,67.048891
3000,300,63.534740
3000,300,64.498519
3000,300,64.301220
3000,300,63.916570
3000,300,64.555108
3000,300,65.038635
3000,300,66.976707
3000,300,66.753099
3000,300,64.361134
3000,300,65.245788
3000,300,65.102972
3000,300,66.318426
3000,300,64.525976
3000,300,66.908502
3000,300,65.147242
3000,300,67.261985
3000,300,65.746850
3000,300,64.097196
3000,300,66.882632
3000,300,66.550617
3000,300,67.208630
3000,300,63.523901
3000,300,66.306215
3000,300,66.598606
3000,300,64.920078
3000,300,66.980582
3000,300,66.461942
3000,300,66.439269
3000,300,63.845853
3000,300,66.457116
3000,300,65.819714
3000,300,67.032379
3000,300,67.406173
3000,300,66.607110
3000,300,66.995974
3000,300,64.901469
3000,300,65.519954
3000,300,67.247952
3000,300,66.726881
3000,300,64.417956
3000,300,65.658390
3000,300,65.945983
3000,300,64.677018
3000,300,65.461579
3000,300,65.532605
3000,300,64.067090
3000,300,66.850950
3000,300,64.610974
3000,300,67.364349
3000,300,63.667653
3000,300,66.228777
3000,300,63.551662
3000,300,65.567973
3000,300,65.908597
3000,300,64.833939
3000,300,65.805691
3000,300,65.662282
3000,300,64.804602
3000,300,64.234364
3000,300,66.525844
3000,300,65.414743
3000,300,67.224592
3000,300,64.308573
3000,300,65.222281
3000,300,63.647463
3000,300,66.225039
3000,300,64.148948
3000,300,65.712642
3000,300,66.187184
3000,300,66.738658
3000,300,63.806465
3000,300,63.865787
3000,300,64.668230
3000,300,65.267004
3000,300,64.093771
3000,300,66.265912
3000,300,65.968474
3000,300,67.291230
3000,300,66.056376
3000,300,64.403132
3000,300,65.870487
3000,300,67.476548
3000,300,64.146332
3000,300,64.443225
3000,300,67.090405
3000,300,63.712945
3000,300,65.010882
3000,300,66.073843
3000,300,65.206410
3000,300,64.955686
3000,300,67.223489
3000,300,64.669473
3000,300,66.136930
3000,300,64.453549
3000,300,66.113118
3000,300,65.789460
3000,300,64.686015
3000,300,66.702325
3000,300,65.652347
3000,300,66.752704
3000,300,64.397889
3000,300,66.590659
3000,300,63.772972
3000,300,64.230526
3000,300,64.956721
3000,300,65.392187
3000,300,64.916048
3000,300,65.623066
3000,300,65.967768
3000,300,63.900245
3000,300,65.742668
3000,300,67.003401
3000,300,66.550586
3000,300,64.611865
3000,300,65.470781
3000,300,66.642515
3000,300,67.310551
3000,300,65.183773
3000,300,65.545861
3000,300,63.815152
3000,300,67.279962
3000,300,65.495900
3000,300,67.169509
3000,300,66.086954
3000,300,65.209022
3000,300,63.636570
3000,300,66.119455
3000,300,63.650554
3000,300,65.965426
3000,300,63.888659
3000,300,66.270403
3000,300,66.244476
3000,300,65.090634
3000,300,66.868141
3000,300,63.630072
3000,300,67.127698
3000,300,67.138194
3000,300,63.826881
3000,300,65.257556
3000,300,64.369487
3000,300,65.147173
3000,300,66.116577
3000,300,65.573927
3000,300,65.701272
3000,300,67.315883
3000,300,65.102343
3000,300,66.315412
3000,300,65.843083
3000,300,64.824614
3000,300,64.609034
3000,300,63.847269
3000,300,65.710370
3000,300,64.361381
3000,300,63.742251
3000,300,67.102994
3000,300,64.991109
3000,300,64.332386
3000,300,66.155838
3000,300,66.890923
3000,300,66.269259
3000,300,66.213069
3000,300,67.157077
3000,300,66.883459
3000,300,65.627746
3000,300,64.720403
3000,300,66.178275
3000,300,63.840988
3000,300,65.580116
3000,300,65.978376
3000,300,64.040919
3000,300,64.525390
3000,300,66.972251
3000,300,66.311034
3000,300,66.385539
3000,300,66.970465
3000,300,67.189186
3000,300,65.958856
3000,300,64.587796
3000,300,66.478324
3000,300,66.262519
3000,300,63.525897
3000,300,66.053050
3000,300,65.723484
3000,300,64.112568
3000,300,64.297641
3000,300,64.427970
3000,300,67.032774
3000,300,64.435278
3000,300,64.211903
3000,300,65.935941
3000,300,64.090753
3000,300,65.626697
3000,300,64.431350
3000,300,66.110074
3000,300,66.921886
3000,300,63.381760
3000,300,65.457134
3000,300,64.412525
3000,300,66.009783
3000,300,64.129291
3000,300,67.202522
3000,300,65.303055
3000,300,64.396183
3000,300,65.580486
3000,300,64.928740
3000,300,65.079158
3000,300,63.858769
3000,300,64.856324
3000,300,67.112601
3000,300,66.128870
3000,300,67.161004
3000,300,66.778387
3000,300,67.013005
3000,300,66.017545
3000,300,65.292803
3000,300,65.738196
3000,300,65.286451
3000,300,66.981821
3000,300,63.664116
3000,300,65.898936
3000,300,63.361233
3000,300,63.597920
3000,300,65.985169
3000,300,66.808780
3000,300,65.863751
3000,300,67.112255
3000,300,64.457181
3000,300,64.610420
3000,300,65.367824
3000,300,63.994729
3000,300,64.677321
3000,300,66.578936
3000,300,63.888189
3000,300,66.759220
3000,300,67.244704
3000,300,67.002641
3000,300,65.972931
3000,300,66.829382
3000,300,64.860780
3000,300,67.109851
3000,300,66.033477
3000,300,63.890398
3000,300,66.945502
3000,300,65.551309
3000,300,66.884903
3000,300,66.945062
3000,300,63.751031
3000,300,66.556037
3000,300,66.010658
3000,300,65.093317
3000,300,65.193795
3000,300,66.845347
3000,300,65.477131
3000,300,66.743469
3000,300,63.573454
3000,300,65.918538
3000,300,66.989109
3000,300,66.391847
3000,300,64.374301
3000,300,63.469031
3000,300,66.464670
3000,300,66.550645
3000,300,67.147164
3000,300,63.748822
3000,300,63.782468
3000,300,64.299413
3000,300,64.970347
3000,300,65.695131
3000,300,65.619309
3000,300,63.506909
3000,300,65.449737
3000,300,65.363739
3000,300,65.360186
3000,300,63.948550
3000,300,63.797136
3000,300,64.023493
3000,300,66.090259
3000,300,67.173115
3000,300,66.743501
3000,300,65.978338
3000,300,63.463013
3000,300,66.999781
3000,300,65.815822
3000,300,66.074357
3000,300,65.007680
3000,300,64.048650
3000,300,64.735406
3000,300,64.431655
3000,300,64.096433
3000,300,63.372383
3000,300,66.022958
3000,300,63.420767
3000,300,65.125530
3000,300,66.105025
3000,300,66.556281
3000,300,66.705244
3000,300,65.688987
3000,300,66.439170
3000,300,65.988754
3000,300,66.510396
3000,300,65.359006
3000,300,64.368910
3000,300,66.431879
3000,300,65.824177
3000,300,66.011642
3000,300,64.810759
3000,300,66.824309
3000,300,63.875496
3000,300,66.843472
3000,300,67.033957
3000,300,65.958676
3000,300,66.442827
3000,300,63.739999
3000,300,64.294788
3000,300,66.861246
3000,400,46.859832
3000,400,48.621384
3000,400,46.965778
3000,400,49.342300
3000,400,46.318970
3000,400,49.642553
3000,400,48.253143
3000,400,48.864447
3000,400,48.149370
3000,400,46.409495
3000,400,47.047807
3000,400,49.133321
3000,400,47.801779
3000,400,48.850455
3000,400,47.844526
3000,400,46.903841
3000,400,47.586067
3000,400,49.633221
3000,400,46.527743
3000,400,47.597812
3000,400,52.489909
3000,400,49.779116
3000,400,48.307690
3000,400,50.834018
3000,400,48.262462
3000,400,49.002977
3000,400,48.427474
3000,400,44.503717
3000,400,46.399395
3000,400,49.822326
3000,400,49.963511
3000,400,46.905535
3000,400,50.072658
3000,400,47.016012
3000,400,47.452885
3000,400,48.138668
3000,400,49.468778
3000,400,47.746815
3000,400,47.508249
3000,400,47.252535
3000,400,46.585212
3000,400,44.738781
3000,400,46.909654
3000,400,47.085728
3000,400,49.818346
3000,400,47.303795
3000,400,45.395316
3000,400,47.817028
3000,400,46.502434
3000,400,47.037916
3000,400,49.281011
3000,400,50.002742
3000,400,46.629642
3000,400,47.898853
3000,400,44.845426
3000,400,46.619876
3000,400,47.459897
3000,400,47.783551
3000,400,49.090564
3000,400,52.092928
3000,400,49.880408
3000,400,48.065808
3000,400,47.697728
3000,400,46.057356
3000,400,46.996292
3000,400,47.196369
3000,400,48.601946
3000,400,45.084199
3000,400,47.329835
3000,400,48.034943
3000,400,47.325079
3000,400,48.919850
3000,400,47.245588
3000,400,47.532753
3000,400,48.141565
3000,400,47.855156
3000,400,47.748450
3000,400,47.579336
3000,400,47.201403
3000,400,46.570634
3000,400,47.431353
3000,400,47.882976
3000,400,44.778487
3000,400,52.090664
3000,400,50.016951
3000,400,49.361022
3000,400,49.412155
3000,400,48.835632
3000,400,51.288045
3000,400,52.981963
3000,400,49.548663
3000,400,47.419026
3000,400,52.207177
3000,400,49.962721
3000,400,49.305807
3000,400,52.345061
3000,400,48.412399
3000,400,49.919070
3000,400,47.876673
3000,400,49.472897
3000,400,50.319397
3000,400,48.739230
3000,400,50.690397
3000,400,48.982609
3000,400,49.481010
3000,400,50.768970
3000,400,52.701341
3000,400,47.404812
3000,400,48.124460
3000,400,48.500898
3000,400,50.679622
3000,400,51.077551
3000,400,46.526000
3000,400,51.051688
3000,400,45.839825
3000,400,46.831008
3000,400,51.027100
3000,400,47.569912
3000,400,51.450889
3000,400,51.489362
3000,400,50.811544
3000,400,47.395602
3000,400,51.235138
3000,400,52.275050
3000,400,48.601053
3000,400,46.086434
3000,400,52.567144
3000,400,51.257605
3000,400,46.837936
3000,400,47.027105
3000,400,50.511074
3000,400,49.351272
3000,400,48.661974
3000,400,47.155890
3000,400,52.794639
3000,400,49.118181
3000,400,50.173198
3000,400,52.146256
3000,400,49.133208
3000,400,50.792826
3000,400,48.374625
3000,400,47.875589
3000,400,48.751374
3000,400,51.291833
3000,400,49.485074
3000,400,45.936917
3000,400,48.512880
3000,400,47.462050
3000,400,49.923073
3000,400,51.471229
3000,400,51.671783
3000,400,50.701805
3000,400,48.801913
3000,400,51.200125
3000,400,49.869347
3000,400,50.038921
3000,400,50.158399
3000,400,50.413221
3000,400,51.659069
3000,400,48.758190
3000,400,50.255962
3000,400,48.803399
3000,400,50.559454
3000,400,52.960305
3000,400,48.012672
3000,400,48.264109
3000,400,51.514148
3000,400,52.033092
3000,400,47.858287
3000,400,50.646194
3000,400,50.558432
3000,400,51.562183
3000,400,47.374359
3000,400,45.324978
3000,400,52.783472
3000,400,50.372571
3000,400,51.166736
3000,400,49.330307
3000,400,49.684925
3000,400,52.466300
3000,400,50.336044
3000,400,46.362815
3000,400,50.299801
3000,400,49.633542
3000,400,48.475442
3000,400,51.199193
3000,400,51.027465
3000,400,47.264972
3000,400,49.442998
3000,400,48.345873
3000,400,48.484675
3000,400,52.485029
3000,400,50.221981
3000,400,49.409866
3000,400,51.441225
3000,400,50.866652
3000,400,50.428496
3000,400,47.122351
3000,400,51.003366
3000,400,49.502228
3000,400,48.324066
3000,400,48.603009
3000,400,48.472284
3000,400,45.707100
3000,400,51.091758
3000,400,48.523872
3000,400,46.421288
3000,400,46.212937
3000,400,47.988224
3000,400,46.862360
3000,400,49.559801
3000,400,46.833207
3000,400,46.004111
3000,400,50.060656
3000,400,50.499869
3000,400,51.541943
3000,400,47.612351
3000,400,47.784594
3000,400,47.940139
3000,400,49.646664
3000,400,49.571920
3000,400,49.991613
3000,400,47.105867
3000,400,45.325440
3000,400,53.502762
3000,400,47.944120
3000,400,52.242009
3000,400,52.615672
3000,400,51.789525
3000,400,50.824561
3000,400,48.828615
3000,400,50.399269
3000,400,51.322183
3000,400,51.472372
3000,400,51.958785
3000,400,48.317387
3000,400,50.991350
3000,400,48.527503
3000,400,51.386659
3000,400,47.622149
3000,400,48.893276
3000,400,49.065686
3000,400,50.999700
3000,400,50.302174
3000,400,46.395045
3000,400,50.543586
3000,400,47.056447
3000,400,49.087571
3000,400,50.195125
3000,400,47.879020
3000,400,50.734091
3000,400,49.924583
3000,400,49.036045
3000,400,49.388869
3000,400,51.964916
3000,400,47.844010
3000,400,52.716256
3000,400,50.541899
3000,400,51.473602
3000,400,50.784637
3000,400,50.231293
3000,400,50.062276
3000,400,50.834825
3000,400,49.527949
3000,400,48.841448
3000,400,50.194906
3000,400,48.320015
3000,400,48.145918
3000,400,50.864992
3000,400,48.020798
3000,400,48.895964
3000,400,48.751423
3000,400,48.910577
3000,400,48.314276
3000,400,50.709003
3000,400,49.721697
3000,400,51.575098
3000,400,49.575162
3000,400,49.642414
3000,400,52.300754
3000,400,50.977405
3000,400,48.922006
3000,400,48.532402
3000,400,48.823522
3000,400,47.822137
3000,400,47.447289
3000,400,49.719118
3000,400,47.977043
3000,400,44.833185
3000,400,49.287247
3000,400,50.316353
3000,400,52.390309
3000,400,46.747463
3000,400,47.521063
3000,400,46.717657
3000,400,48.030085
3000,400,46.166792
3000,400,51.645706
3000,400,47.032158
3000,400,48.646167
3000,400,50.674747
3000,400,51.775068
3000,400,47.875457
3000,400,46.324353
3000,400,47.930307
3000,400,49.084610
3000,400,50.060371
3000,400,48.183341
3000,400,52.526010
3000,400,50.329351
3000,400,49.676107
3000,400,50.876708
3000,400,46.166434
3000,400,51.849763
3000,400,49.578655
3000,400,48.415835
3000,400,46.853203
3000,400,47.353034
3000,400,47.330284
3000,400,50.331016
3000,400,50.458174
3000,400,49.847822
3000,400,47.467483
3000,400,49.197814
3000,400,45.989566
3000,400,47.009283
3000,400,47.550029
3000,400,47.085461
3000,400,48.113355
3000,400,47.512101
3000,400,51.316700
3000,400,49.840914
3000,400,50.265286
3000,400,48.845808
3000,400,48.218924
3000,400,47.463597
3000,400,48.498262
3000,400,52.718296
3000,400,48.434430
3000,400,52.286960
3000,400,47.294996
3000,400,50.282915
3000,400,48.865290
3000,400,49.493232
3000,400,48.668182
3000,400,48.568714
3000,400,49.966990
3000,400,47.419311
3000,400,46.154640
3000,400,49.706146
3000,400,48.874660
3000,400,47.815285
3000,400,49.330116
3000,400,48.904951
3000,400,49.824880
3000,400,46.129716
3000,400,48.889247
3000,400,47.951048
3000,400,48.431403
3000,400,48.029416
3000,400,50.246370
3000,400,47.683132
3000,400,44.785596
3000,400,47.890884
3000,400,49.343583
3000,400,46.761608
3000,400,47.152936
3000,400,44.329194
3000,400,46.897869
3000,400,45.629011
3000,400,48.143859
3000,400,48.549874
3000,400,49.321122
3000,400,48.521146
3000,400,49.202690
3000,400,46.275674
3000,400,47.454887
3000,400,48.375552
3000,400,46.760026
3000,400,48.210634
3000,400,44.710180
3000,400,48.776422
3000,400,48.336272
3000,400,48.284387
3000,400,50.153709
3000,400,48.957492
3000,400,49.040499
3000,400,44.617766
3000,400,49.310684
3000,400,47.111547
3000,400,48.943866
3000,400,51.439725
3000,400,48.725502
3000,400,48.823111
3000,400,45.334441
3000,400,52.276327
3000,400,47.499892
3000,400,50.494045
3000,400,46.335270
3000,400,47.071493
3000,400,66.520800
3000,400,65.598117
3000,400,64.475687
3000,400,63.501011
3000,400,63.601276
3000,400,63.799493
3000,400,65.235897
3000,400,65.120591
3000,400,65.970788
3000,400,63.583665
3000,400,64.822468
3000,400,64.420320
3000,400,66.957712
3000,400,64.319134
3000,400,67.117649
3000,400,65.630436
3000,400,66.273278
3000,400,66.130621
3000,400,65.211212
3000,400,65.914929
3000,400,64.445085
3000,400,66.284478
3000,400,65.155064
3000,400,63.988030
3000,400,64.972863
3000,400,66.708948
3000,400,66.895673
3000,400,67.139970
3000,400,66.802648
3000,400,64.382639
3000,400,64.523551
3000,400,65.709113
3000,400,64.680847
3000,400,66.583255
3000,400,67.188279
3000,400,63.833078
3000,400,66.460918
3000,400,67.275094
3000,400,63.921607
3000,400,64.502914
3000,400,64.408471
3000,400,66.480134
3000,400,66.494935
3000,400,64.217155
3000,400,64.420017
3000,400,67.068599
3000,400,65.178079
3000,400,67.066247
3000,400,66.767832
3000,400,64.071541
3000,400,64.229249
3000,400,64.699962
3000,400,66.664019
3000,400,65.750031
3000,400,64.959247
3000,400,66.290580
3000,400,67.324058
3000,400,67.131362
3000,400,67.359768
3000,400,63.542123
3000,400,65.001597
3000,400,65.830349
3000,400,66.755079
3000,400,65.323304
3000,400,67.163695
3000,400,65.623238
3000,400,64.900035
3000,400,64.669608
3000,400,65.772146
3000,400,63.495837
3000,400,64.855270
3000,400,66.632179
3000,400,65.763652
3000,400,64.296119
3000,400,66.516501
3000,400,64.715640
3000,400,64.464085
3000,400,66.319853
3000,400,64.679166
3000,400,65.215010
3000,400,66.758630
3000,400,66.514557
3000,400,65.467849
3000,400,66.100042
3000,400,67.026922
3000,400,65.423238
3000,400,66.206505
3000,400,64.003465
3000,400,65.762297
3000,400,65.468073
3000,400,67.032908
3000,400,65.900408
3000,400,65.428571
3000,400,64.042142
3000,400,66.238065
3000,400,63.961862
3000,400,65.908344
3000,400,67.170476
3000,400,66.559745
3000,400,65.855004
3000,400,66.906209
3000,400,64.418613
3000,400,66.499191
3000,400,64.284558
3000,400,66.834972
3000,400,63.413030
3000,400,66.315664
3000,400,64.243839
3000,400,63.671119
3000,400,65.155489
3000,400,66.218397
3000,400,64.101482
3000,400,66.635177
3000,400,63.570217
3000,400,64.954984
3000,400,65.511823
3000,400,64.983116
3000,400,65.853611
3000,400,64.038693
3000,400,66.618681
3000,400,67.156304
3000,400,65.901754
3000,400,65.690653
3000,400,65.620371
3000,400,65.347888
3000,400,65.601552
3000,400,65.430705
3000,400,65.655524
3000,400,64.712238
3000,400,65.580024
3000,400,66.804184
3000,400,65.344985
3000,400,64.290520
3000,400,65.143837
3000,400,64.123103
3000,400,65.000747
3000,400,66.364849
3000,400,65.115297
3000,400,65.932428
3000,400,65.522442
3000,400,66.396613
3000,400,64.373619
3000,400,66.492841
3000,400,64.738812
3000,400,64.428306
3000,400,66.321154
3000,400,67.070892
3000,400,64.386704
3000,400,65.722783
3000,400,64.735297
3000,400,64.072260
3000,400,64.537715
3000,400,63.567673
3000,400,65.331512
3000,400,63.302498
3000,400,66.137034
3000,400,64.940918
3000,400,66.251709
3000,400,66.980322
3000,400,66.588874
3000,400,65.324936
3000,400,66.868894
3000,400,63.540778
3000,400,64.519591
3000,400,66.229235
3000,400,64.429742
3000,400,66.205474
3000,400,66.681450
3000,400,66.933819
3000,400,63.906593
3000,400,65.722390
3000,400,66.282073
3000,400,64.689768
3000,400,67.332702
3000,400,63.570652
3000,400,66.623616
3000,400,65.317356
3000,400,66.224365
3000,400,64.893537
3000,400,64.556175
3000,400,63.849806
3000,400,66.540499
3000,400,66.646129
3000,400,65.985423
3000,400,65.391497
3000,400,67.344736
3000,400,63.496934
3000,400,63.794249
3000,400,67.230746
3000,400,64.288928
3000,400,66.280000
3000,400,65.929437
3000,400,65.788666
3000,400,65.871474
3000,400,66.069955
3000,400,67.195147
3000,400,65.265851
3000,400,64.159069
3000,400,64.105840
3000,400,65.993189
3000,400,65.396838
3000,400,67.208814
3000,400,66.640631
3000,400,66.077262
3000,400,67.165442
3000,400,64.610039
3000,400,64.146792
3000,400,64.756196
3000,400,64.897334
3000,400,66.147605
3000,400,65.583873
3000,400,65.347566
3000,400,63.704425
3000,400,66.350500
3000,400,66.267351
3000,400,66.982550
3000,400,66.799149
3000,400,66.884484
3000,400,65.083141
3000,400,63.748215
3000,400,63.954576
3000,400,66.694332
3000,400,65.941265
3000,400,64.145035
3000,400,66.271185
3000,400,65.139071
3000,400,64.572703
3000,400,64.554789
3000,400,64.596347
3000,400,64.507067
3000,400,65.744884
3000,400,65.562255
3000,400,63.715677
3000,400,66.425893
3000,400,63.786620
3000,400,67.220908
3000,400,65.885180
3000,400,66.047925
3000,400,64.262661
3000,400,63.867607
3000,400,67.369782
3000,400,64.002474
3000,400,63.655031
3000,400,64.334464
3000,400,65.313927
3000,400,64.456098
3000,400,65.990258
3000,400,64.463943
3000,400,63.749022
3000,400,63.563856
3000,400,66.867432
3000,400,66.003670
3000,400,65.696961
3000,400,65.834955
3000,400,64.895834
3000,400,67.213567
3000,400,65.784487
3000,400,66.512615
3000,400,67.055255
3000,400,64.476388
3000,400,64.217271
3000,400,63.728889
3000,400,64.197057
3000,400,66.254246
3000,400,65.871138
3000,400,65.486491
3000,400,66.259421
3000,400,66.539187
3000,400,66.190452
3000,400,66.994263
3000,400,63.842426
3000,400,64.363875
3000,400,65.371927
3000,400,64.190056
3000,400,67.403058
3000,400,66.826277
3000,400,65.948434
3000,400,65.581254
3000,400,64.024700
3000,400,65.669480
3000,400,65.970630
3000,400,66.994994
3000,400,65.851824
3000,400,65.067052
3000,400,66.181267
3000,400,64.878253
3000,400,66.894597
3000,400,65.172282
3000,400,66.013515
3000,400,66.664970
3000,400,63.582853
3000,400,66.695708
3000,400,64.033018
3000,400,66.095971
3000,400,63.922041
3000,400,66.796389
3000,400,64.650498
3000,400,64.069146
3000,400,65.825556
3000,400,64.172381
3000,400,65.773883
3000,400,65.615539
3000,400,66.065324
3000,400,66.573290
3000,400,64.313483
3000,400,67.365527
3000,400,66.859268
3000,400,63.917344
3000,400,64.323059
3000,400,66.926873
3000,400,66.233056
3000,400,63.560963
3000,400,66.368391
3000,400,65.097462
3000,400,66.974904
3000,400,64.836919
3000,400,66.725130
3000,400,64.435684
3000,400,64.268673
3000,400,65.807268
3000,400,67.137633
3000,400,63.866363
3000,400,66.215831
3000,400,64.620106
3000,400,64.060653
3000,400,64.706906
3000,400,66.159323
3000,400,64.280077
3000,400,63.937705
3000,400,67.422212
3000,400,67.184420
3000,400,66.016588
3000,400,66.338548
3000,400,66.737671
3000,400,63.973874
3000,400,64.665016
3000,400,65.867586
3000,400,67.159433
3000,400,66.637165
3000,400,64.115200
3000,400,64.578573
3000,400,66.302206
3000,400,66.049441
3000,400,66.163239
3000,400,64.536620
3000,400,66.167185
3000,400,64.475978
3000,400,66.485339
3000,400,63.510300
3000,400,64.065957
3000,400,64.595531
3000,400,66.857822
3000,400,65.826289
3000,400,67.163309
3000,400,65.663295
3000,400,66.136180
3000,400,64.966279
3000,400,64.730637
3000,400,65.435354
3000,400,65.784565
3000,400,67.013440
3000,400,66.445844
3000,400,64.601295
3000,400,64.838731
3000,400,63.556639
3000,400,64.830110
3000,400,64.486312
3000,400,64.321467
3000,400,65.007013
3000,400,66.812581
3000,400,65.467646
3000,400,64.436446
3000,400,64.195788
3000,400,66.153817
3000,400,63.611991
3000,400,67.348255
3000,400,66.286982
3000,400,65.132746
3000,400,66.831260
3000,400,66.425956
3000,400,63.969807
3000,400,64.536654
3000,400,65.118021
3000,400,63.849377
3000,400,65.113948
3000,400,66.248771
3000,400,66.767587
3000,400,66.342978
3000,400,65.058877
3000,400,66.405444
3000,400,66.672521
3000,400,64.926446
3000,400,64.921906
3000,400,67.430357
3000,400,65.940229
3000,400,66.841638
3000,400,64.299205
3000,400,65.486081
3000,400,65.443201
3000,400,64.001129
3000,500,66.062328
3000,500,63.674289
3000,500,67.314138
3000,500,64.401083
3000,500,67.041519
3000,500,64.877174
3000,500,65.893084
3000,500,65.809165
3000,500,67.269420
3000,500,67.101020
3000,500,63.601817
3000,500,63.792303
3000,500,63.701478
3000,500,66.561497
3000,500,66.965801
3000,500,66.677050
3000,500,64.021463
3000,500,67.116761
3000,500,64.198580
3000,500,67.222645
3000,500,65.054135
3000,500,66.504501
3000,500,66.243645
3000,500,64.199231
3000,500,65.285251
3000,500,64.304499
3000,500,64.430768
3000,500,66.129910
3000,500,63.692028
3000,500,67.102130
3000,500,64.915846
3000,500,66.088104
3000,500,65.977185
3000,500,67.047563
3000,500,64.719323
3000,500,65.879609
3000,500,66.000313
3000,500,67.357971
3000,500,64.763611
3000,500,67.022712
3000,500,66.135887
3000,500,64.845462
3000,500,64.801868
3000,500,66.516486
3000,500,65.331617
3000,500,64.721013
3000,500,65.154346
3000,500,65.308852
3000,500,66.926319
3000,500,63.763240
3000,500,65.415937
3000,500,64.980697
3000,500,65.075577
3000,500,64.248070
3000,500,64.414640
3000,500,67.110162
3000,500,63.667260
3000,500,66.680307
3000,500,65.861779
3000,500,63.801144
3000,500,64.498508
3000,500,65.452247
3000,500,64.357231
3000,500,66.245364
3000,500,65.424180
3000,500,64.889626
3000,500,64.602473
3000,500,64.396828
3000,500,64.112783
3000,500,64.039676
3000,500,63.651325
3000,500,63.761980
3000,500,64.637747
3000,500,65.735432
3000,500,66.647345
3000,500,66.064660
3000,500,67.470632
3000,500,65.031157
3000,500,66.378450
3000,500,64.957317
3000,500,66.449229
3000,500,66.888016
3000,500,65.915229
3000,500,66.544077
3000,500,65.344517
3000,500,66.749968
3000,500,65.534592
3000,500,63.812835
3000,500,64.029375
3000,500,64.928525
3000,500,66.375389
3000,500,67.141518
3000,500,65.551569
3000,500,65.842917
3000,500,66.706640
3000,500,63.618021
3000,500,65.448874
3000,500,67.140206
3000,500,65.535630
3000,500,64.594872
3000,500,63.844100
3000,500,65.376755
3000,500,67.097978
3000,500,63.374019
3000,500,65.061120
3000,500,66.929280
3000,500,65.057514
3000,500,64.452859
3000,500,64.838396
3000,500,64.652098
3000,500,66.560061
3000,500,64.574999
3000,500,63.279097
3000,500,65.579540
3000,500,66.882421
3000,500,66.535259
3000,500,64.588286
3000,500,64.445641
3000,500,65.813614
3000,500,63.733715
3000,500,65.653875
3000,500,65.430177
3000,500,66.114064
3000,500,66.452940
3000,500,65.971856
3000,500,64.546942
3000,500,66.028284
3000,500,64.003977
3000,500,65.750243
3000,500,66.358374
3000,500,65.156124
3000,500,65.753902
3000,500,63.374105
3000,500,66.877879
3000,500,67.150702
3000,500,65.448039
3000,500,63.884211
3000,500,63.458458
3000,500,63.614770
3000,500,65.185299
3000,500,66.919948
3000,500,67.020009
3000,500,66.012585
3000,500,66.514861
3000,500,65.922203
3000,500,64.191775
3000,500,66.519339
3000,500,64.143375
3000,500,64.290735
3000,500,66.620815
3000,500,66.111830
3000,500,65.534503
3000,500,65.794325
3000,500,65.794704
3000,500,65.928659
3000,500,63.918238
3000,500,65.715790
3000,500,64.026175
3000,500,64.753680
3000,500,64.360048
3000,500,67.176229
3000,500,64.552971
3000,500,64.298940
3000,500,65.384738
3000,500,64.112580
3000,500,66.840251
3000,500,66.285591
3000,500,66.837721
3000,500,67.268683
3000,500,63.558766
3000,500,63.927104
3000,500,67.101462
3000,500,63.707705
3000,500,63.908951
3000,500,66.263842
3000,500,65.397450
3000,500,64.365937
3000,500,64.598059
3000,500,63.479005
3000,500,64.012084
3000,500,66.591656
3000,500,63.543769
3000,500,66.157393
3000,500,65.639738
3000,500,65.231625
3000,500,64.095434
3000,500,65.251896
3000,500,63.593922
3000,500,66.009820
3000,500,64.550102
3000,500,66.538285
3000,500,66.564109
3000,500,66.708581
3000,500,66.368112
3000,500,65.542917
3000,500,64.891110
3000,500,65.833239
3000,500,66.846756
3000,500,65.294754
3000,500,67.076965
3000,500,64.872163
3000,500,64.923115
3000,500,65.244427
3000,500,65.212186
3000,500,63.981266
3000,500,65.690152
3000,500,67.049709
3000,500,65.585385
3000,500,66.206112
3000,500,64.650985
3000,500,63.584831
3000,500,65.805746
3000,500,66.620403
3000,500,64.225676
3000,500,65.245059
3000,500,67.198812
3000,500,64.354095
3000,500,65.794464
3000,500,65.375795
3000,500,65.204123
3000,500,64.155510
3000,500,65.045679
3000,500,63.552453
3000,500,66.823286
3000,500,63.719475
3000,500,65.963130
3000,500,63.870016
3000,500,66.000488
3000,500,63.833843
3000,500,67.193425
3000,500,66.484173
3000,500,66.904490
3000,500,65.722863
3000,500,65.351526
3000,500,67.051789
3000,500,65.732723
3000,500,63.893595
3000,500,66.979029
3000,500,66.684201
3000,500,65.942121
3000,500,65.255019
3000,500,63.691890
3000,500,63.986051
3000,500,67.147631
3000,500,66.418342
3000,500,65.141286
3000,500,66.164825
3000,500,64.718160
3000,500,66.362114
3000,500,67.328909
3000,500,64.385332
3000,500,66.447509
3000,500,64.427619
3000,500,65.201151
3000,500,65.189719
3000,500,65.469640
3000,500,66.492760
3000,500,66.749606
3000,500,65.261470
3000,500,66.514213
3000,500,65.313566
3000,500,66.838257
3000,500,66.629393
3000,500,65.661701
3000,500,65.765623
3000,500,63.454029
3000,500,64.551357
3000,500,64.105227
3000,500,67.082313
3000,500,67.041772
3000,500,65.225525
3000,500,64.891373
3000,500,65.046470
3000,500,67.080351
3000,500,66.568362
3000,500,64.218398
3000,500,66.009824
3000,500,66.652738
3000,500,65.503009
3000,500,65.183080
3000,500,66.863609
3000,500,65.520117
3000,500,65.514766
3000,500,65.235273
3000,500,65.019915
3000,500,64.422509
3000,500,63.868994
3000,500,65.000969
3000,500,63.885300
3000,500,67.179357
3000,500,65.732902
3000,500,63.803802
3000,500,65.713936
3000,500,66.686658
3000,500,66.060987
3000,500,63.753678
3000,500,63.605489
3000,500,65.780586
3000,500,65.547474
3000,500,63.894799
3000,500,67.176929
3000,500,66.140168
3000,500,67.178922
3000,500,67.282373
3000,500,66.307225
3000,500,65.138133
3000,500,64.660053
3000,500,66.252192
3000,500,64.188248
3000,500,64.744014
3000,500,63.723231
3000,500,63.830839
3000,500,65.377265
3000,500,65.323002
3000,500,65.387755
3000,500,63.525664
3000,500,65.497687
3000,500,63.689817
3000,500,65.917960
3000,500,63.528366
3000,500,64.705083
3000,500,66.469449
3000,500,64.282277
3000,500,64.912567
3000,500,66.255802
3000,500,64.299554
3000,500,67.407756
3000,500,65.204216
3000,500,66.664586
3000,500,66.943297
3000,500,65.494456
3000,500,64.189928
3000,500,64.403059
3000,500,66.423411
3000,500,65.381742
3000,500,65.389242
3000,500,66.500227
3000,500,65.611027
3000,500,65.973976
3000,500,66.649343
3000,500,64.677322
3000,500,64.466957
3000,500,67.398348
3000,500,65.521993
3000,500,65.572779
3000,500,65.847521
3000,500,65.878275
3000,500,66.338873
3000,500,65.374415
3000,500,65.898261
3000,500,66.107884
3000,500,65.266801
3000,500,66.767120
3000,500,65.162122
3000,500,65.157803
3000,500,64.409420
3000,500,65.881933
3000,500,65.843271
3000,500,65.758556
3000,500,66.110309
3000,500,65.854969
3000,500,64.523669
3000,500,63.610857
3000,500,64.325854
3000,500,63.705705
3000,500,64.365531
3000,500,66.485007
3000,500,64.485982
3000,500,63.967633
3000,500,66.888015
3000,500,64.071122
3000,500,64.306649
3000,500,64.044763
3000,500,66.810865
3000,500,66.259352
3000,500,66.542087
3000,500,67.085457
3000,500,66.402732
3000,500,65.595379
3000,500,64.657717
3000,500,65.515776
3000,500,63.709914
3000,500,65.060819
3000,500,66.966077
3000,500,64.444114
3000,500,63.754174
3000,500,67.040796
3000,500,64.253218
3000,500,64.967898
3000,500,66.214779
3000,500,66.112744
3000,500,66.586750
3000,500,63.826790
3000,500,64.608114
3000,500,63.849756
3000,500,65.436661
3000,500,66.743975
3000,500,66.205680
3000,500,63.676152
3000,500,63.572082
4000,0,61.253660
4000,0,61.786340
4000,0,61.838964
4000,0,60.338635
4000,0,62.038324
4000,0,60.992268
4000,0,63.303124
4000,0,61.959526
4000,0,63.586830
4000,0,62.696710
4000,0,60.550984
4000,0,61.252530
4000,0,61.172709
4000,0,61.499218
4000,0,63.403100
4000,0,63.407811
4000,0,61.359769
4000,0,61.700699
4000,0,60.972736
4000,0,63.375204
4000,0,61.695450
4000,0,63.689888
4000,0,62.526152
4000,0,63.092376
4000,0,63.722655
4000,0,62.312892
4000,0,63.785076
4000,0,62.724149
4000,0,63.935905
4000,0,61.750712
4000,0,60.617127
4000,0,61.278092
4000,0,61.674059
4000,0,62.312968
4000,0,61.258183
4000,0,60.670518
4000,0,60.369056
4000,0,60.378918
4000,0,63.667477
4000,0,60.565444
4000,0,61.723889
4000,0,63.785305
4000,0,62.249781
4000,0,63.927689
4000,0,62.868390
4000,0,61.299666
4000,0,63.074167
4000,0,62.465191
4000,0,63.576505
4000,0,61.078904
4000,0,61.251136
4000,0,61.815198
4000,0,62.508433
4000,0,62.853440
4000,0,62.490054
4000,0,63.573242
4000,0,61.871137
4000,0,61.428773
4000,0,62.677451
4000,0,61.970814
4000,0,60.939153
4000,0,63.587261
4000,0,60.334718
4000,0,62.698057
4000,0,63.152260
4000,0,62.899367
4000,0,62.152414
4000,0,63.430271
4000,0,60.945151
4000,0,61.846892
4000,0,63.204220
4000,0,60.458613
4000,0,63.510067
4000,0,61.847628
4000,0,60.542314
4000,0,63.915369
4000,0,63.370103
4000,0,63.431388
4000,0,63.770706
4000,0,61.711277
4000,0,61.988784
4000,0,63.620599
4000,0,61.159720
4000,0,61.591392
4000,0,60.984883
4000,0,63.081333
4000,0,60.835905
4000,0,62.052284
4000,0,63.812922
4000,0,60.322466
4000,0,61.761036
4000,0,61.027160
4000,0,61.584685
4000,0,63.272416
4000,0,62.965154
4000,0,63.482470
4000,0,62.084414
4000,0,61.863926
4000,0,60.661615
4000,0,63.330561
4000,0,61.282585
4000,0,60.900119
4000,0,61.794482
4000,0,61.285249
4000,0,61.598761
4000,0,61.320725
4000,0,62.551880
4000,0,62.803003
4000,0,62.522327
4000,0,63.028644
4000,0,62.318157
4000,0,62.564260
4000,0,60.732682
4000,0,61.554583
4000,0,63.546578
4000,0,60.639873
4000,0,62.291241
4000,0,63.532457
4000,0,61.588207
4000,0,62.214053
4000,0,61.586835
4000,0,62.047086
4000,0,62.088548
4000,0,62.462931
4000,0,63.150566
4000,0,61.943351
4000,0,62.852515
4000,0,61.911696
4000,0,63.495370
4000,0,63.765394
4000,0,62.010900
4000,0,63.514289
4000,0,62.666168
4000,0,62.824205
4000,0,61.613022
4000,0,61.673458
4000,0,63.134253
4000,0,63.569653
4000,0,62.023381
4000,0,63.517686
4000,0,62.830293
4000,0,63.863322
4000,0,62.138248
4000,0,60.559742
4000,0,61.465661
4000,0,61.366952
4000,0,63.875607
4000,0,62.690215
4000,0,60.776965
4000,0,60.503917
4000,0,62.943295
4000,0,63.427784
4000,0,61.814792
4000,0,63.242090
4000,0,62.129389
4000,0,63.617455
4000,0,60.521100
4000,0,60.578250
4000,0,61.836075
4000,0,63.166579
4000,0,61.064173
4000,0,64.042808
4000,0,61.476459
4000,0,62.571194
4000,0,61.480779
4000,0,63.174878
4000,0,62.657622
4000,0,60.651207
4000,0,60.591664
4000,0,60.983101
4000,0,63.278345
4000,0,62.789512
4000,0,61.927097
4000,0,62.923284
4000,0,61.252125
4000,0,63.292022
4000,0,61.357006
4000,0,62.784661
4000,0,62.433439
4000,0,61.645468
4000,0,63.271169
4000,0,61.556106
4000,0,61.375251
4000,0,63.700512
4000,0,60.746806
4000,0,62.389726
4000,0,61.022020
4000,0,61.590112
4000,0,61.965581
4000,0,61.432569
4000,0,60.854537
4000,0,63.470511
4000,0,61.948856
4000,0,61.542432
4000,0,64.138699
4000,0,62.403369
4000,0,61.629059
4000,0,62.413970
4000,0,60.460578
4000,0,64.022514
4000,0,61.030326
4000,0,62.957980
4000,0,64.075187
4000,0,62.075705
4000,0,60.840438
4000,0,61.185481
4000,0,61.676882
4000,0,63.981948
4000,0,61.097673
4000,0,61.819464
4000,0,63.172319
4000,0,61.654388
4000,0,63.437127
4000,0,60.474589
4000,0,61.258892
4000,0,61.510012
4000,0,62.934789
4000,0,62.910444
4000,0,64.117033
4000,0,61.952336
4000,0,61.227815
4000,0,63.761965
4000,0,60.658307
4000,0,64.101685
4000,0,63.778148
4000,0,63.755078
4000,0,61.439803
4000,0,60.579482
4000,0,61.931527
4000,0,63.147387
4000,0,63.132669
4000,0,61.493689
4000,0,62.765858
4000,0,62.922900
4000,0,62.230641
4000,0,62.792809
4000,0,61.211422
4000,0,61.152357
4000,0,62.947595
4000,0,63.247261
4000,0,60.989743
4000,0,61.019038
4000,0,60.959311
4000,0,62.548208
4000,0,60.453948
4000,0,62.870659
4000,0,60.696573
4000,0,63.431934
4000,0,62.519067
4000,0,63.389923
4000,0,63.135695
4000,0,63.854092
4000,0,60.612336
4000,0,63.791438
4000,0,62.929174
4000,0,61.306314
4000,0,60.738743
4000,0,62.513622
4000,0,63.395142
4000,0,63.508714
4000,0,63.860796
4000,0,62.278386
4000,0,62.128411
4000,0,62.621620
4000,0,62.066092
4000,0,63.139792
4000,0,63.949602
4000,0,64.007942
4000,0,61.234188
4000,0,63.485519
4000,0,62.227560
4000,0,62.498742
4000,0,61.622366
4000,0,61.656076
4000,0,62.166104
4000,0,62.479474
4000,0,63.062441
4000,0,62.718102
4000,0,61.673188
4000,0,63.015603
4000,0,63.152012
4000,0,62.090783
4000,0,60.553576
4000,0,63.159365
4000,0,61.574536
4000,0,60.450628
4000,0,60.801054
4000,0,62.995835
4000,0,60.713340
4000,0,63.328314
4000,0,61.799730
4000,0,61.787339
4000,0,62.202133
4000,0,61.180497
4000,0,61.782186
4000,0,62.662098
4000,0,62.112903
4000,0,62.925801
4000,0,61.743005
4000,0,60.744964
4000,0,63.468377
4000,0,60.591484
4000,0,61.747869
4000,0,63.475214
4000,0,63.756648
4000,0,62.836000
4000,0,61.211575
4000,0,60.767814
4000,0,60.351092
4000,0,61.733570
4000,0,60.514141
4000,0,63.213711
4000,0,62.578547
4000,0,63.665011
4000,0,62.637351
4000,0,63.074259
4000,0,62.283031
4000,0,62.305170
4000,0,60.791851
4000,0,61.434145
4000,0,60.543524
4000,0,64.061356
4000,0,64.100558
4000,0,62.661233
4000,0,63.848682
4000,0,63.917324
4000,0,60.750114
4000,0,61.654735
4000,0,62.548722
4000,0,60.526470
4000,0,61.004436
4000,0,63.654377
4000,0,63.928735
4000,0,62.664224
4000,0,63.009993
4000,0,62.625933
4000,0,63.850406
4000,0,62.316144
4000,0,62.167948
4000,0,61.610118
4000,0,62.350191
4000,0,60.986110
4000,0,62.371021
4000,0,62.536710
4000,0,62.774117
4000,0,61.967416
4000,0,61.109065
4000,0,60.595150
4000,0,61.737138
4000,0,61.380026
4000,0,61.463934
4000,0,62.341010
4000,0,61.087283
4000,0,60.722862
4000,0,62.743054
4000,0,60.980534
4000,0,62.318384
4000,0,60.936556
4000,0,61.542584
4000,0,63.798422
4000,0,61.705116
4000,0,61.036101
4000,0,62.145030
4000,0,60.495071
4000,0,61.942778
4000,0,63.968220
4000,0,63.491660
4000,0,63.445243
4000,0,63.374104
4000,0,62.755456
4000,0,61.236327
4000,0,62.568572
4000,0,62.800504
4000,0,62.607341
4000,0,61.292150
4000,0,63.971819
4000,0,63.362603
4000,0,61.474843
4000,0,60.691110
4000,0,62.359072
4000,0,62.444276
4000,0,61.825514
4000,0,62.171152
4000,0,62.201255
4000,0,61.395650
4000,0,63.982484
4000,0,62.162774
4000,0,62.192833
4000,0,61.121723
4000,0,60.882592
4000,0,61.346245
4000,0,61.998084
4000,0,62.650645
4000,0,61.934114
4000,0,63.659333
4000,0,61.218910
4000,0,61.610488
4000,0,61.745706
4000,0,62.201890
4000,0,64.097245
4000,200,61.378444
4000,200,60.690788
4000,200,62.036203
4000,200,63.391695
4000,200,62.855727
4000,200,63.260777
4000,200,60.762580
4000,200,64.118280
4000,200,61.026636
4000,200,61.237879
4000,200,61.690292
4000,200,62.118845
4000,200,62.232919
4000,200,60.420794
4000,200,60.976884
4000,200,61.059764
4000,200,62.553168
4000,200,63.389555
4000,200,63.554554
4000,200,62.315553
4000,200,61.754671
4000,200,62.319941
4000,200,60.682032
4000,200,62.513230
4000,200,61.445602
4000,200,61.844478
4000,200,61.566224
4000,200,60.850002
4000,200,60.923550
4000,200,60.791586
4000,200,60.986366
4000,200,62.094905
4000,200,61.083933
4000,200,63.625450
4000,200,61.540797
4000,200,60.613821
4000,200,62.652244
4000,200,63.950365
4000,200,63.594583
4000,200,60.820639
4000,200,63.674406
4000,200,63.925827
4000,200,63.282277
4000,200,62.007034
4000,200,63.136586
4000,200,60.488170
4000,200,61.106375
4000,200,63.061058
4000,200,63.697466
4000,200,62.574681
4000,200,61.066000
4000,200,62.405740
4000,200,62.617210
4000,200,62.570766
4000,200,62.519802
4000,200,61.544306
4000,200,62.733583
4000,200,62.656491
4000,200,63.506018
4000,200,63.174258
4000,200,64.050502
4000,200,64.065184
4000,200,61.710037
4000,200,60.622322
4000,200,60.890918
4000,200,61.328202
4000,200,62.510411
4000,200,61.489108
4000,200,62.285694
4000,200,62.567450
4000,200,64.120623
4000,200,61.370342
4000,200,60.420689
4000,200,62.476951
4000,200,61.315066
4000,200,63.782630
4000,200,62.421024
4000,200,63.798846
4000,200,63.153352
4000,200,62.747425
4000,200,62.038231
4000,200,62.912438
4000,200,63.820583
4000,200,63.198734
4000,200,62.707910
4000,200,61.887871
4000,200,63.976837
4000,200,63.129974
4000,200,60.465233
4000,200,61.445380
4000,200,61.230749
4000,200,61.414200
4000,200,62.258650
4000,200,63.496030
4000,200,60.913334
4000,200,63.720397
4000,200,60.995903
4000,200,63.127788
4000,200,61.699157
4000,200,63.965716
4000,200,60.752441
4000,200,63.289867
4000,200,63.913304
4000,200,61.737314
4000,200,61.142465
4000,200,60.933619
4000,200,61.931307
4000,200,63.589006
4000,200,60.742632
4000,200,60.665303
4000,200,62.758807
4000,200,61.134795
4000,200,61.739172
4000,200,61.752901
4000,200,63.076280
4000,200,62.405879
4000,200,61.264569
4000,200,61.464140
4000,200,61.017826
4000,200,61.516228
4000,200,61.728961
4000,200,63.112935
4000,200,61.136812
4000,200,62.229468
4000,200,63.326810
4000,200,60.519837
4000,200,62.031268
4000,200,61.225126
4000,200,62.863411
4000,200,63.262771
4000,200,61.918897
4000,200,63.243161
4000,200,61.134893
4000,200,62.467475
4000,200,62.925682
4000,200,63.316875
4000,200,62.753887
4000,200,61.790741
4000,200,62.556996
4000,200,64.048594
4000,200,62.574164
4000,200,63.631996
4000,200,60.867033
4000,200,60.716072
4000,200,62.213799
4000,200,62.809102
4000,200,60.374088
4000,200,62.381064
4000,200,61.399610
4000,200,60.583899
4000,200,63.710441
4000,200,61.796783
4000,200,60.556020
4000,200,62.962366
4000,200,60.762401
4000,200,63.226129
4000,200,61.876373
4000,200,63.937918
4000,200,62.333833
4000,200,64.059921
4000,200,62.289205
4000,200,60.750364
4000,200,61.224061
4000,200,62.018012
4000,200,61.109060
4000,200,62.739951
4000,200,62.301741
4000,200,62.206229
4000,200,62.739551
4000,200,61.181254
4000,200,60.929900
4000,200,63.207115
4000,200,61.250497
4000,200,61.373284
4000,200,63.285204
4000,200,62.817133
4000,200,62.006443
4000,200,62.440275
4000,200,63.182321
4000,200,63.272014
4000,200,61.712203
4000,200,63.318738
4000,200,63.627492
4000,200,62.858303
4000,200,61.910656
4000,200,62.461290
4000,200,62.698248
4000,200,63.691822
4000,200,63.856029
4000,200,61.286277
4000,200,62.649005
4000,200,63.000126
4000,200,64.072909
4000,200,62.187851
4000,200,60.838913
4000,200,63.831156
4000,200,63.296709
4000,200,60.464518
4000,200,62.867931
4000,200,62.486812
4000,200,60.580890
4000,200,63.786804
4000,200,62.165304
4000,200,62.322716
4000,200,61.100021
4000,200,60.881399
4000,200,61.717552
4000,200,62.959344
4000,200,62.026886
4000,200,60.828592
4000,200,62.083312
4000,200,63.605418
4000,200,63.823536
4000,200,63.833747
4000,200,62.210560
4000,200,62.827118
4000,200,62.424873
4000,200,61.402254
4000,200,62.153447
4000,200,60.479567
4000,200,60.777902
4000,200,63.729529
4000,200,62.506842
4000,200,61.011058
4000,200,60.350763
4000,200,60.842989
4000,200,62.383298
4000,200,63.736579
4000,200,61.076708
4000,200,60.389017
4000,200,61.986669
4000,200,60.837323
4000,200,61.802025
4000,200,61.287424
4000,200,62.200323
4000,200,62.949104
4000,200,64.050112
4000,200,60.738936
4000,200,63.501306
4000,200,60.788736
4000,200,62.399505
4000,200,62.198175
4000,200,61.506105
4000,200,61.680544
4000,200,62.315758
4000,200,60.323744
4000,200,63.864113
4000,200,63.848741
4000,200,63.581424
4000,200,62.684655
4000,200,61.552370
4000,200,62.375225
4000,200,63.591755
4000,200,62.108011
4000,200,60.756521
4000,200,62.909566
4000,200,62.856421
4000,200,62.838069
4000,200,61.993578
4000,200,61.306123
4000,200,62.378838
4000,200,60.411849
4000,200,61.471989
4000,200,61.686741
4000,200,61.076723
4000,200,62.874985
4000,200,63.053318
4000,200,63.142328
4000,200,63.793633
4000,200,61.481430
4000,200,60.525351
4000,200,61.355287
4000,200,60.357718
4000,200,63.620465
4000,200,62.935497
4000,200,63.069619
4000,200,62.539171
4000,200,63.740602
4000,200,63.568016
4000,200,62.170190
4000,200,62.459822
4000,200,63.471954
4000,200,60.545468
4000,200,61.390627
4000,200,60.394404
4000,200,62.651132
4000,200,61.750436
4000,200,62.634060
4000,200,60.445617
4000,200,63.739655
4000,200,61.344508
4000,200,62.553748
4000,200,61.686267
4000,200,61.179348
4000,200,60.851219
4000,200,61.367988
4000,200,63.836036
4000,200,62.187737
4000,200,63.696787
4000,200,60.766912
4000,200,63.043439
4000,200,62.218028
4000,200,60.558232
4000,200,60.497633
4000,200,60.752653
4000,200,63.317306
4000,200,61.970301
4000,200,61.953944
4000,200,62.393532
4000,200,61.595678
4000,200,63.886632
4000,200,61.605737
4000,200,63.532134
4000,200,60.870032
4000,200,63.283651
4000,200,62.534160
4000,200,63.328618
4000,200,62.878016
4000,200,63.537619
4000,200,60.945356
4000,200,62.689857
4000,200,61.777869
4000,200,62.047321
4000,200,60.656557
4000,200,62.862096
4000,200,60.649896
4000,200,62.768897
4000,200,60.641617
4000,200,63.981644
4000,200,60.895186
4000,200,62.960571
4000,200,60.802225
4000,200,61.242003
4000,200,63.948135
4000,200,61.259044
4000,200,62.506271
4000,200,60.559513
4000,200,60.946499
4000,200,63.809778
4000,200,64.003563
4000,200,63.995838
4000,200,61.453472
4000,200,62.329323
4000,200,61.137879
4000,200,61.666065
4000,200,61.781751
4000,200,63.221118
4000,200,61.698862
4000,200,62.339994
4000,200,62.871893
4000,200,60.748585
4000,200,60.790348
4000,200,62.090899
4000,200,60.648922
4000,200,62.133238
4000,200,63.399584
4000,200,61.158794
4000,200,62.834201
4000,200,62.926601
4000,200,63.192626
4000,200,60.543444
4000,200,63.456803
4000,200,62.331128
4000,200,62.778212
4000,200,64.058435
4000,200,60.980177
4000,200,62.254719
4000,200,63.281978
4000,200,63.390579
4000,200,61.666942
4000,200,61.504384
4000,200,63.037092
4000,200,60.992591
4000,200,61.617600
4000,200,61.187325
4000,200,60.436504
4000,200,62.822494
4000,200,63.554021
4000,200,61.616076
4000,200,63.223520
4000,200,62.257346
4000,200,61.123884
4000,200,62.979335
4000,200,60.915732
4000,200,61.866107
4000,200,62.101521
4000,200,61.033451
4000,200,62.841360
4000,200,63.790880
4000,200,63.283516
4000,200,63.589818
4000,200,61.262451
4000,200,61.841040
4000,200,60.870863
4000,200,63.024742
4000,200,63.255028
4000,200,62.379726
4000,200,63.778885
4000,200,63.972361
4000,200,61.269980
4000,400,61.749793
4000,400,60.585896
4000,400,62.234801
4000,400,62.966376
4000,400,63.490303
4000,400,60.285485
4000,400,61.973274
4000,400,62.508670
4000,400,63.794360
4000,400,60.756575
4000,400,63.879804
4000,400,61.828991
4000,400,61.411460
4000,400,62.087928
4000,400,62.150821
4000,400,63.827886
4000,400,60.768989
4000,400,62.861706
4000,400,61.410562
4000,400,60.349047
4000,400,61.362361
4000,400,63.788449
4000,400,62.028710
4000,400,63.868790
4000,400,61.343128
4000,400,63.046371
4000,400,61.194811
4000,400,63.835885
4000,400,63.138127
4000,400,61.103488
4000,400,61.803013
4000,400,62.993931
4000,400,61.128355
4000,400,61.781915
4000,400,60.292075
4000,400,63.811915
4000,400,63.578222
4000,400,62.128819
4000,400,63.309154
4000,400,63.661066
4000,400,61.043240
4000,400,63.144301
4000,400,60.366789
4000,400,60.279080
4000,400,61.549161
4000,400,62.319911
4000,400,63.738646
4000,400,62.259062
4000,400,63.922757
4000,400,61.220427
4000,400,62.432660
4000,400,61.903482
4000,400,61.124147
4000,400,63.690963
4000,400,62.900860
4000,400,62.021932
4000,400,60.319593
4000,400,63.369652
4000,400,62.121743
4000,400,63.915601
4000,400,61.616244
4000,400,60.399581
4000,400,61.513772
4000,400,61.449933
4000,400,62.113382
4000,400,60.882755
4000,400,62.900682
4000,400,62.603902
4000,400,61.283359
4000,400,63.350429
4000,400,61.848996
4000,400,61.994205
4000,400,63.760989
4000,400,63.039400
4000,400,62.359166
4000,400,61.380057
4000,400,60.936131
4000,400,61.516596
4000,400,61.346524
4000,400,62.101053
4000,400,63.319228
4000,400,60.491362
4000,400,62.483530
4000,400,60.623074
4000,400,63.854663
4000,400,60.624404
4000,400,63.975460
4000,400,61.694320
4000,400,61.597593
4000,400,62.286618
4000,400,62.541303
4000,400,63.597840
4000,400,62.340187
4000,400,63.145487
4000,400,60.698452
4000,400,60.969726
4000,400,62.130118
4000,400,63.703737
4000,400,61.918340
4000,400,61.123736
4000,400,63.784391
4000,400,63.816826
4000,400,61.167810
4000,400,63.781216
4000,400,62.290193
4000,400,63.842489
4000,400,63.268739
4000,400,62.711533
4000,400,63.634214
4000,400,61.016605
4000,400,63.860851
4000,400,62.172138
4000,400,61.827819
4000,400,61.540752
4000,400,61.719981
4000,400,61.201298
4000,400,61.315886
4000,400,61.789201
4000,400,61.184021
4000,400,61.932505
4000,400,62.097344
4000,400,60.293238
4000,400,63.401678
4000,400,62.392218
4000,400,60.438048
4000,400,60.908047
4000,400,63.324695
4000,400,63.300945
4000,400,63.866114
4000,400,61.602292
4000,400,62.600087
4000,400,62.878996
4000,400,60.947945
4000,400,61.971200
4000,400,61.901614
4000,400,60.384612
4000,400,60.934091
4000,400,60.373475
4000,400,61.314497
4000,400,61.728397
4000,400,61.806607
4000,400,63.793528
4000,400,63.620383
4000,400,62.256460
4000,400,63.543293
4000,400,62.631717
4000,400,62.554066
4000,400,60.701683
4000,400,62.025569
4000,400,60.801370
4000,400,60.641955
4000,400,60.520402
4000,400,62.224608
4000,400,60.800703
4000,400,63.185705
4000,400,63.550797
4000,400,63.585671
4000,400,60.860268
4000,400,63.252450
4000,400,62.168059
4000,400,60.483744
4000,400,62.048503
4000,400,63.775494
4000,400,61.917892
4000,400,61.298385
4000,400,61.689939
4000,400,61.918692
4000,400,63.564603
4000,400,61.631237
4000,400,61.815716
4000,400,63.285932
4000,400,63.606313
4000,400,63.587682
4000,400,62.595659
4000,400,60.672869
4000,400,63.096774
4000,400,60.511100
4000,400,61.183145
4000,400,60.596640
4000,400,62.496346
4000,400,63.356390
4000,400,62.001813
4000,400,62.737369
4000,400,61.727289
4000,400,60.555180
4000,400,62.146622
4000,400,63.462680
4000,400,61.679435
4000,400,63.683013
4000,400,62.081654
4000,400,64.000046
4000,400,61.590928
4000,400,62.892270
4000,400,61.034245
4000,400,64.077752
4000,400,63.943782
4000,400,63.263360
4000,400,61.208107
4000,400,60.633325
4000,400,62.719739
4000,400,63.894256
4000,400,64.198955
4000,400,61.772208
4000,400,60.977697
4000,400,61.571255
4000,400,61.518870
4000,400,60.814189
4000,400,63.003514
4000,400,60.747524
4000,400,61.564389
4000,400,62.475800
4000,400,61.277530
4000,400,61.239944
4000,400,61.402994
4000,400,62.321426
4000,400,63.822849
4000,400,63.140592
4000,400,63.762193
4000,400,61.245592
4000,400,63.539672
4000,400,62.093895
4000,400,61.269552
4000,400,63.465626
4000,400,61.350079
4000,400,63.438984
4000,400,61.855980
4000,400,61.204011
4000,400,62.431927
4000,400,60.672343
4000,400,62.272362
4000,400,60.515408
4000,400,63.092214
4000,400,63.474389
4000,400,61.264338
4000,400,62.656186
4000,400,61.510109
4000,400,61.343092
4000,400,61.467808
4000,400,60.687397
4000,400,61.233661
4000,400,60.405918
4000,400,62.989753
4000,400,61.568076
4000,400,60.617424
4000,400,62.792728
4000,400,61.886244
4000,400,62.717505
4000,400,62.358242
4000,400,61.590878
4000,400,61.037905
4000,400,62.925332
4000,400,61.470868
4000,400,62.823807
4000,400,61.510738
4000,400,63.518126
4000,400,62.338668
4000,400,62.986883
4000,400,62.878099
4000,400,61.352731
4000,400,63.062805
4000,400,62.782362
4000,400,60.299986
4000,400,62.372774
4000,400,62.606815
4000,400,60.637431
4000,400,61.722467
4000,400,62.920711
4000,400,63.240251
4000,400,62.228605
4000,400,62.229779
4000,400,62.617772
4000,400,62.369293
4000,400,63.560868
4000,400,61.890875
4000,400,62.870683
4000,400,60.350218
4000,400,62.791945
4000,400,62.772200
4000,400,60.918986
4000,400,60.741975
4000,400,60.624853
4000,400,61.506751
4000,400,63.147880
4000,400,61.218853
4000,400,62.917645
4000,400,60.842414
4000,400,62.555817
4000,400,63.158994
4000,400,62.974926
4000,400,63.739475
4000,400,62.395817
4000,400,60.892590
4000,400,62.815847
4000,400,61.219527
4000,400,60.938732
4000,400,62.836350
4000,400,60.679614
4000,400,63.781707
4000,400,61.724829
4000,400,61.461132
4000,400,62.549593
4000,400,63.686974
4000,400,60.353615
4000,400,62.770911
4000,400,62.264765
4000,400,63.067364
4000,400,63.808936
4000,400,63.570960
4000,400,61.942504
4000,400,60.268038
4000,400,62.141187
4000,400,63.327077
4000,400,62.745846
4000,400,62.497571
4000,400,62.840312
4000,400,60.547814
4000,400,60.872741
4000,400,63.025942
4000,400,61.702532
4000,400,61.985313
4000,400,63.105022
4000,400,60.424873
4000,400,61.912597
4000,400,63.857618
4000,400,60.516134
4000,400,60.837519
4000,400,63.226819
4000,400,61.646447
4000,400,61.674359
4000,400,62.120508
4000,400,63.097381
4000,400,63.209728
4000,400,62.713664
4000,400,60.770458
4000,400,60.559542
4000,400,62.912353
4000,400,63.784437
4000,400,61.867138
4000,400,60.782507
4000,400,63.618075
4000,400,60.374032
4000,400,61.112228
4000,400,63.553172
4000,400,63.606053
4000,400,62.419855
4000,400,63.281382
4000,400,61.081649
4000,400,63.572176
4000,400,61.325208
4000,400,62.358126
4000,400,61.552344
4000,400,62.975852
4000,400,63.416540
4000,400,61.349336
4000,400,63.526714
4000,400,63.354954
4000,400,61.230692
4000,400,60.482097
4000,400,63.436047
4000,400,63.597464
4000,400,61.832929
4000,400,62.786765
4000,400,61.942910
4000,400,61.799182
4000,400,60.798863
4000,400,62.925629
4000,400,61.647556
4000,400,63.730902
4000,400,63.240629
4000,400,61.859255
4000,400,61.454347
4000,400,62.669386
4000,400,60.339123
4000,400,63.743486
4000,400,60.625797
4000,400,62.643864
4000,400,61.050891
4000,400,60.594531
4000,400,61.602479
4000,400,60.825798
4000,400,62.529046
4000,400,63.181026
4000,400,61.210280
4000,400,63.918466
4000,400,60.641417
4000,400,60.748642
4000,400,61.681535
4000,400,61.982179
4000,400,63.469352
4000,400,62.137549
4000,400,61.663075
4000,400,63.213709
4000,400,60.980309
4000,400,60.503212
4000,400,62.721593
4000,400,60.701429
4000,400,63.730189
4000,400,63.449058
4000,400,63.489155
4000,400,61.853831
